propertyCode,precio_anunciado,barrio_code,distrito_code,barrio_rescatado,sin_barrio,planta_imputada,ascensor_desde_descripcion,sin_descripcion,fuera_de_rango,CONSTRUCTEDAREA,ROOMNUMBER,BATHNUMBER,precio_estimado_2018,indice_venta,precio_estimado,factor_renta_mensual,renta_mensual_estimada,tipologia_casa,superficie_fuera_de_dominio,a_reformar,ocupada,fuera_de_dominio,distrito,alquiler_distrito_eur_m2_2026,anunciado / estimado
111433413,750000.0,015,01,False,False,False,False,False,False,102.0,2,2,448609.88,1.558745921449614,699268.8129782712,0.0025264030793100585,1766.6348823737937,False,False,False,False,False,Centro,18.93916135071505,1.072548905485515
111396097,1385000.0,041,04,False,False,False,False,False,True,106.0,2,2,798716.1,1.8766123722225168,1498880.5620686263,0.0019512838033895418,2924.7413639799233,False,False,False,False,False,Salamanca,19.77461679945292,0.924022924207211
110593979,1215000.0,073,07,False,False,False,False,False,False,115.0,3,2,668048.3,1.6853880807988142,1125920.6632852615,0.002278740199336892,2565.6806766921827,False,False,False,False,False,Chamberí,19.980022301161203,1.0791168859578604
111761339,1800000.0,014,01,False,False,False,False,False,False,189.0,3,3,1.1063586e+06,1.558745921449614,1724531.994379353,0.0025264030793100585,4356.862940968714,False,False,False,False,False,Centro,18.93916135071505,1.0437614412876157
111405596,900000.0,046,04,False,False,False,False,False,True,59.0,1,1,385552.66,1.8766123722225168,723532.884862005,0.0019512838033895418,1411.8179994509405,False,False,False,False,False,Salamanca,19.77461679945292,1.2438964680529365
109995710,715000.0,075,07,False,False,False,False,False,False,108.0,2,2,615892.9,1.6853880807988142,1038018.5105739139,0.002278740199336892,2365.374507700584,False,False,False,False,False,Chamberí,19.980022301161203,0.6888123792750873
112159638,1395000.0,075,07,False,False,False,False,False,False,132.0,3,3,740741.7,1.6853880807988142,1248437.2110633,0.002278740199336892,2844.864059197978,False,False,False,False,False,Chamberí,19.980022301161203,1.117397004541279
111225215,1160000.0,161,16,False,False,False,False,False,False,156.0,3,2,664751.75,1.6317102565250337,1084682.248517965,0.0027028857740617703,2931.7722188965413,False,False,False,False,False,Hortaleza,14.589315759435864,1.0694376178691447
111582384,1850000.0,097,09,False,False,True,True,False,False,361.0,5,5,,1.656751140660718,,0.002672415723312596,,True,False,False,False,True,Moncloa-Aravaca,16.62527833062531,
106350283,3600000.0,042,04,False,False,False,False,False,False,379.0,5,4,,1.8766123722225168,,0.0019512838033895418,,False,True,False,False,True,Salamanca,19.77461679945292,
110490359,895000.0,043,04,False,False,False,False,False,False,155.0,3,3,740711.3,1.8766123722225168,1390028.013282679,0.0019512838033895418,2712.3391485762345,False,False,False,False,False,Salamanca,19.77461679945292,0.6438719158518074
111761206,2295000.0,045,04,False,False,False,False,False,False,183.0,3,4,1.2669569e+06,1.8766123722225168,2377586.9466973767,0.0019512838033895418,4639.346900240985,False,False,False,False,False,Salamanca,19.77461679945292,0.9652643842059718
107189198,2415000.0,045,04,True,False,False,False,False,False,304.0,5,3,1.3377471e+06,1.8766123722225168,2510432.8056801017,0.0019512838033895418,4898.566873221347,False,False,False,False,False,Salamanca,19.77461679945292,0.9619855168144013
110972125,920000.0,012,01,False,False,False,False,False,False,131.0,3,3,604402.25,1.558745921449614,942109.54210247,0.0025264030793100585,2380.1484482150695,False,False,False,False,False,Centro,18.93916135071505,0.9765318775424683
110011008,2250000.0,046,04,False,False,False,False,False,True,152.0,3,4,1.1935774e+06,1.8766123722225168,2239882.0691298745,0.0019512838033895418,4370.645602995778,False,False,False,False,False,Salamanca,19.77461679945292,1.0045171712428842
103883825,4950000.0,046,04,False,False,False,False,False,True,383.0,5,3,,1.8766123722225168,,0.0019512838033895418,,False,True,False,False,True,Salamanca,19.77461679945292,
111219810,4600000.0,035,03,False,False,False,False,False,False,222.0,2,2,1.2342111e+06,1.7929648066474984,2212897.1110978164,0.0021651669060346315,4791.291591408633,False,False,False,False,False,Retiro,17.253540940727106,2.0787229451069886
111379612,1100000.0,014,01,False,False,False,False,False,False,133.0,3,2,729354.2,1.558745921449614,1136877.865057822,0.0025264030793100585,2872.211739081527,False,False,False,False,False,Centro,18.93916135071505,0.9675621575621525
108505570,1950000.0,074,07,False,False,False,False,False,False,158.0,3,2,,1.6853880807988142,,0.002278740199336892,,False,False,True,False,True,Chamberí,19.980022301161203,
111109550,1890000.0,074,07,False,False,False,False,False,False,194.0,4,2,,1.6853880807988142,,0.002278740199336892,,False,False,True,False,True,Chamberí,19.980022301161203,
38041203,4750000.0,097,09,False,False,True,True,False,False,775.0,6,6,,1.656751140660718,,0.002672415723312596,,True,True,False,False,True,Moncloa-Aravaca,16.62527833062531,
110996137,1480000.0,076,07,False,False,False,False,False,False,212.0,5,3,881210.0,1.6853880807988142,1485180.830680723,0.002278740199336892,3384.3412621567218,False,False,False,False,False,Chamberí,19.980022301161203,0.9965116499124564
110413083,1050000.0,052,05,False,False,False,False,False,False,164.0,3,3,607712.9,1.6700715368729793,1014923.9751287467,0.0023384882833218804,2373.3878243010417,False,False,False,False,False,Chamartín,18.388855162033455,1.0345602485809873
112270818,1350000.0,042,04,False,False,False,False,False,False,131.0,3,2,703636.06,1.8766123722225168,1320452.140429436,0.0019512838033895418,2576.5768747710113,False,False,False,False,False,Salamanca,19.77461679945292,1.0223770772645757
112280203,4800000.0,042,04,False,False,False,False,False,False,225.0,3,3,1.3532954e+06,1.8766123722225168,2539610.8439965104,0.0019512838033895418,4955.501506802835,False,False,False,False,False,Salamanca,19.77461679945292,1.8900533565396114
112367831,895000.0,062,06,False,False,False,False,False,False,98.0,2,2,506494.53,1.7497591043844554,886243.4173756245,0.002978418922071256,2639.604163872654,False,False,False,False,False,Tetuán,17.333396740317067,1.0098805615395212
111434614,1495000.0,042,04,False,False,False,False,False,False,150.0,3,2,872464.1,1.8766123722225168,1637276.9712952925,0.0019512838033895418,3194.792035751188,False,False,False,False,False,Salamanca,19.77461679945292,0.9131014643278508
112367425,1200000.0,014,01,False,False,False,False,False,False,120.0,2,2,725359.4,1.558745921449614,1130650.9673664912,0.0025264030793100585,2856.4800855795997,False,False,False,False,False,Centro,18.93916135071505,1.0613354913541855
112041258,899000.0,045,04,False,False,False,False,False,False,81.0,2,1,469606.38,1.8766123722225168,881269.1333995668,0.0019512838033895418,1719.6061864297121,False,False,False,False,False,Salamanca,19.77461679945292,1.0201196954805793
110631510,920000.0,011,01,False,False,False,False,False,False,130.0,3,3,622861.7,1.558745921449614,970883.115017849,0.0025264030793100585,2452.8420914312355,False,False,False,False,False,Centro,18.93916135071505,0.947590895102843
111901446,1250000.0,053,05,False,False,False,False,False,False,154.0,4,2,582743.2,1.6700715368729793,973222.8107503838,0.0023384882833218804,2275.87014000136,False,False,False,False,False,Chamartín,18.388855162033455,1.284392418870878
109600420,1620000.0,042,04,False,False,False,False,False,False,129.0,3,2,722083.75,1.8766123722225168,1355071.2990308306,0.0019512838033895418,2644.128678236886,False,False,False,False,False,Salamanca,19.77461679945292,1.1955090489767224
111730405,1299000.0,044,04,False,False,False,False,False,False,157.0,3,4,733972.7,1.8766123722225168,1377382.226235911,0.0019512838033895418,2687.6636291307627,False,False,False,False,False,Salamanca,19.77461679945292,0.9430933369525809
108910160,565000.0,015,01,False,False,False,False,False,False,86.0,2,2,440325.9,1.558745921449614,686356.2104757926,0.0025264030793100585,1734.012443649625,False,False,False,False,False,Centro,18.93916135071505,0.8231877141584154
110308026,790000.0,045,04,False,False,False,False,False,False,70.0,2,1,463916.22,1.8766123722225168,870590.9157809375,0.0019512838033895418,1698.769953341412,False,False,False,False,False,Salamanca,19.77461679945292,0.9074296385132323
110798910,799000.0,044,04,False,False,False,False,False,False,109.0,3,2,379503.94,1.8766123722225168,712181.7844196607,0.0019512838033895418,1389.6687810071462,False,False,False,False,False,Salamanca,19.77461679945292,1.121904571950103
111785900,1590000.0,042,04,False,False,False,False,False,False,144.0,3,4,734092.4,1.8766123722225168,1377606.8332792113,0.0019512838033895418,2688.101901216482,False,False,False,False,False,Salamanca,19.77461679945292,1.1541754596376492
105431824,3600000.0,042,04,False,False,False,False,False,False,379.0,5,4,,1.8766123722225168,,0.0019512838033895418,,False,True,False,False,True,Salamanca,19.77461679945292,
110976744,1670000.0,046,04,False,False,False,False,False,True,113.0,3,2,741071.7,1.8766123722225168,1390704.2974663186,0.0019512838033895418,2713.6587709502587,False,False,False,False,False,Salamanca,19.77461679945292,1.2008304015760372
111253717,1095000.0,166,16,False,False,False,False,False,False,183.0,3,3,718971.0,1.6317102565250337,1173152.35484406,0.0027028857740617703,3170.896810715076,False,False,False,False,False,Hortaleza,14.589315759435864,0.9333826041252345
109780588,2100000.0,042,04,False,False,False,False,False,False,137.0,3,3,776111.4,1.8766123722225168,1456460.2085476292,0.0019512838033895418,2841.967215220343,False,False,False,False,False,Salamanca,19.77461679945292,1.4418519556357148
106716663,3600000.0,043,04,False,False,False,False,False,False,379.0,5,5,,1.8766123722225168,,0.0019512838033895418,,False,True,False,False,True,Salamanca,19.77461679945292,
112357554,925000.0,159,15,False,False,False,False,False,False,146.0,3,2,487338.22,1.7410339116420641,848472.3652829884,0.002871857299515261,2436.691555674929,False,False,False,False,False,Ciudad Lineal,14.266652704537027,1.0901946107478557
111853243,1200000.0,095,09,False,False,False,False,False,False,160.0,3,3,887753.06,1.656751140660718,1470785.8989219207,0.002672415723312596,3930.5513619053913,False,False,False,False,False,Moncloa-Aravaca,16.62527833062531,0.8158903351463965
111389824,2075000.0,053,05,False,False,False,False,False,False,234.0,5,4,878240.1,1.6700715368729793,1466723.8353022675,0.0023384882833218804,3429.9165037232838,False,False,False,False,False,Chamartín,18.388855162033455,1.4147175835404466
112039198,2200000.0,063,06,False,False,False,False,False,False,290.0,6,3,1.3944278e+06,1.7497591043844554,2439912.650968831,0.002978418922071256,7267.082007846607,False,False,False,False,False,Tetuán,17.333396740317067,0.9016716230093043
112153132,1000000.0,014,01,False,False,False,False,False,False,135.0,2,2,961367.6,1.558745921449614,1498527.864482452,0.0025264030793100585,3785.8854112603926,False,False,False,False,False,Centro,18.93916135071505,0.6673215918780202
111741132,1695000.0,073,07,False,False,False,False,False,False,191.0,4,2,1.0505094e+06,1.6853880807988142,1770515.979392412,0.002278740199336892,4034.5459358098174,False,False,False,False,False,Chamberí,19.980022301161203,0.9573480384976097
111891728,995000.0,097,09,False,False,False,False,False,False,165.0,4,2,602356.6,1.656751140660718,997955.0255532904,0.002672415723312596,2666.9507014474366,False,False,False,False,False,Moncloa-Aravaca,16.62527833062531,0.997038919111959
111021485,1590000.0,042,04,False,False,False,False,False,False,82.0,2,2,582341.0,1.8766123722225168,1092828.3254524327,0.0019512838033895418,2132.418211340647,False,False,False,False,False,Salamanca,19.77461679945292,1.4549403259123408
112127482,1650000.0,041,04,False,False,False,False,False,True,130.0,3,2,939525.75,1.8766123722225168,1763125.6464716392,0.0019512838033895418,3440.3585173008246,False,False,False,False,False,Salamanca,19.77461679945292,0.935838012056585
110289316,1175000.0,011,01,False,False,False,False,False,False,148.0,3,2,574109.8,1.558745921449614,894891.3286985776,0.0025264030793100585,2260.856208471956,False,False,False,False,False,Centro,18.93916135071505,1.3130085881028468
109262189,550000.0,054,05,False,False,False,False,False,False,70.0,1,1,384040.4,1.6700715368729793,641374.9514872609,0.0023384882833218804,1499.847809269099,False,False,False,False,False,Chamartín,18.388855162033455,0.8575327095712503
111447180,1295000.0,041,04,False,False,False,False,False,True,93.0,2,2,628290.7,1.8766123722225168,1179058.077514691,0.0019512838033895418,2300.6769299100274,False,False,False,False,False,Salamanca,19.77461679945292,1.0983343608736393
111804072,2400000.0,095,09,False,False,True,True,False,False,338.0,4,5,,1.656751140660718,,0.002672415723312596,,True,False,False,False,True,Moncloa-Aravaca,16.62527833062531,
111342922,1125000.0,097,09,False,False,False,False,False,False,171.0,3,3,757292.44,1.656751140660718,1254645.1096418605,0.002672415723312596,3352.933318184164,False,False,False,False,False,Moncloa-Aravaca,16.62527833062531,0.8966679034210178
111677907,1995000.0,045,04,False,False,False,False,False,False,206.0,4,3,907102.25,1.8766123722225168,1702279.3052208824,0.0019512838033895418,3321.6300371227103,False,False,False,False,False,Salamanca,19.77461679945292,1.1719580881241667
109053846,1650000.0,011,01,False,False,False,False,False,False,177.0,3,2,846158.5,1.558745921449614,1318946.110774923,0.0025264030793100585,3332.189515705791,False,False,False,False,False,Centro,18.93916135071505,1.2509987986018414
109724685,420000.0,022,02,False,False,False,False,False,False,61.0,1,1,189973.48,1.7568265401631447,333750.4592772685,0.0026432108289031436,882.1728281130737,False,False,False,False,False,Arganzuela,17.153551573714722,1.258425234558489
110261676,480000.0,034,03,False,False,False,False,False,False,51.0,2,1,290304.72,1.7929648066474984,520506.14392245014,0.0021651669060346315,1126.982677208588,False,False,False,False,False,Retiro,17.253540940727106,0.9221793164299611
109588651,2500000.0,051,05,False,False,False,False,False,False,240.0,4,3,1.5139371e+06,1.6700715368729793,2528383.3010778097,0.0023384882833218804,5912.594725317156,False,False,False,False,False,Chamartín,18.388855162033455,0.9887741304628495
110548521,3875000.0,035,03,False,False,False,False,False,False,194.0,3,4,1.3729282e+06,1.7929648066474984,2461612.0343021383,0.0021651669060346315,5329.800912167576,False,False,False,False,False,Retiro,17.253540940727106,1.5741716996840058
109199501,1800000.0,046,04,False,False,False,False,False,True,136.0,3,2,896498.4,1.8766123722225168,1682379.9422023813,0.0019512838033895418,3282.8007323669403,False,False,False,False,False,Salamanca,19.77461679945292,1.069912898297898
112461678,3700000.0,014,01,False,False,False,False,False,False,255.0,4,3,1.5392322e+06,1.558745921449614,2399271.9918512125,0.0025264030793100585,6061.52814831528,False,False,False,False,False,Centro,18.93916135071505,1.542134452686701
111110503,510000.0,056,05,False,False,False,False,False,False,57.0,1,1,307714.97,1.6700715368729793,513906.0107791333,0.0023384882833218804,1201.7631849356912,False,False,False,False,False,Chamartín,18.388855162033455,0.9923993673994757
109908457,775000.0,031,03,False,False,False,False,False,False,89.0,3,2,404106.56,1.7929648066474984,724548.8446977977,0.0021651669060346315,1568.7691803452974,False,False,False,False,False,Retiro,17.253540940727106,1.0696311306979518
111306388,1075000.0,034,03,False,False,False,False,False,False,129.0,3,1,552875.8,1.7929648066474984,991286.874259141,0.0021651669060346315,2146.301534532405,False,False,False,False,False,Retiro,17.253540940727106,1.0844489399735306
111027212,995000.0,034,03,False,False,False,False,False,False,117.0,3,2,574680.06,1.7929648066474984,1030381.1271444848,0.0021651669060346315,2230.9471170959005,False,False,False,False,False,Retiro,17.253540940727106,0.9656620970508872
109228744,985000.0,055,05,False,False,False,False,False,False,124.0,1,2,609697.6,1.6700715368729793,1018238.6496115554,0.0023384882833218804,2381.1391517421157,False,False,False,False,False,Chamartín,18.388855162033455,0.9673567197392915
111742547,1975000.0,051,05,False,False,False,False,False,False,374.0,5,6,,1.6700715368729793,,0.0023384882833218804,,False,True,False,False,True,Chamartín,18.388855162033455,
111020541,850000.0,054,05,False,False,False,False,False,False,96.0,2,2,629215.3,1.6700715368729793,1050834.583970887,0.0023384882833218804,2457.3643623253415,False,False,False,False,False,Chamartín,18.388855162033455,0.8088808771291344
110994696,1850000.0,073,07,False,False,False,False,False,False,248.0,3,3,,1.6853880807988142,,0.002278740199336892,,False,False,True,False,True,Chamberí,19.980022301161203,
112363256,925000.0,159,15,False,False,False,False,False,False,146.0,3,2,423749.78,1.7410339116420641,737762.7392071565,0.002871857299515261,2118.749307902446,False,False,False,False,False,Ciudad Lineal,14.266652704537027,1.2537906170133502
111759409,895000.0,061,06,False,False,False,False,False,False,125.0,4,2,509982.88,1.7497591043844554,892347.1786114096,0.002978418922071256,2657.7837218331215,False,False,False,False,False,Tetuán,17.333396740317067,1.002972857932625
112243344,1580000.0,091,09,False,False,False,False,False,False,211.0,4,2,824406.5,1.656751140660718,1365836.4092431103,0.002672415723312596,3650.082695534106,False,False,False,False,False,Moncloa-Aravaca,16.62527833062531,1.1568003234556987
111364311,695000.0,073,07,False,False,False,False,False,False,80.0,3,1,461997.88,1.6853880807988142,778645.7118793805,0.002278740199336892,1774.3312847008358,False,False,False,False,False,Chamberí,19.980022301161203,0.892575390060919
112213582,2100000.0,092,09,False,False,False,False,False,False,214.0,4,4,1.0549922e+06,1.656751140660718,1747859.6135757174,0.002672415723312596,4671.007513462826,False,False,False,False,False,Moncloa-Aravaca,16.62527833062531,1.2014694908499457
111452513,880000.0,092,09,False,False,False,False,False,False,101.0,1,2,498090.3,1.656751140660718,825211.6933864285,0.002672415723312596,2205.308704467305,False,False,False,False,False,Moncloa-Aravaca,16.62527833062531,1.066393032300277
111545204,1280000.0,042,04,False,False,False,False,False,False,102.0,2,2,585512.94,1.8766123722225168,1098780.8226088493,0.0019512838033895418,2144.033222631685,False,False,False,False,False,Salamanca,19.77461679945292,1.1649275029763257
111283198,560000.0,043,04,False,False,False,False,False,False,54.0,2,1,272552.78,1.8766123722225168,511475.9213774072,0.0019512838033895418,998.0346812074774,False,False,False,False,False,Salamanca,19.77461679945292,1.0948706998599607
109231077,1780000.0,159,15,False,False,False,False,False,True,294.0,4,3,1.03344975e+06,1.7410339116420641,1799271.0607280133,0.002871857299515261,5167.249729558312,False,False,False,False,False,Ciudad Lineal,14.266652704537027,0.9892895177671474
112101059,2250000.0,046,04,False,False,False,False,False,True,152.0,3,4,1.1239464e+06,1.8766123722225168,2109211.673039648,0.0019512838033895418,4115.670575522424,False,False,False,False,False,Salamanca,19.77461679945292,1.0667492640781082
110907016,855000.0,045,04,False,False,False,False,False,False,74.0,2,1,435837.22,1.8766123722225168,817897.5169813015,0.0019512838033895418,1595.9501777181363,False,False,False,False,False,Salamanca,19.77461679945292,1.0453632420301708
111468934,1100000.0,042,04,False,False,False,False,False,False,88.0,2,2,472954.75,1.8766123722225168,887552.7353514073,0.0019512838033895418,1731.8672771452855,False,False,False,False,False,Salamanca,19.77461679945292,1.2393629766286267
111181831,1050000.0,034,03,False,False,False,False,False,False,110.0,2,3,602812.3,1.7929648066474984,1080821.261326294,0.0021651669060346315,2340.1584263623,False,False,False,False,False,Retiro,17.253540940727106,0.9714834798045399
111677793,3200000.0,014,01,False,False,False,False,False,False,262.0,3,4,1.941144e+06,1.558745921449614,3025750.2929463894,0.0025264030793100585,7644.26485732307,False,False,False,False,False,Centro,18.93916135071505,1.0575889251204307
107762795,1960000.0,157,15,False,False,False,False,False,False,493.0,4,3,,1.7410339116420641,,0.002871857299515261,,False,True,False,False,True,Ciudad Lineal,14.266652704537027,
111756738,1860000.0,074,07,False,False,False,False,False,False,175.0,4,4,1.1858769e+06,1.6853880807988142,1998662.7504199452,0.002278740199336892,4554.433154299167,False,False,False,False,False,Chamberí,19.980022301161203,0.9306222370978744
110976697,2195000.0,042,04,False,False,False,False,False,False,186.0,4,4,1.0349934e+06,1.8766123722225168,1942281.372693339,0.0019512838033895418,3789.9421841617186,False,False,False,False,False,Salamanca,19.77461679945292,1.1301143237327242
112501681,3000000.0,051,05,False,False,False,False,False,False,309.0,4,4,1.4345814e+06,1.6700715368729793,2395853.521715602,0.0023384882833218804,5602.6753890874,False,False,False,False,False,Chamartín,18.388855162033455,1.2521633617449976
111861680,1595000.0,051,05,False,False,False,False,False,False,168.0,3,3,962992.75,1.6700715368729793,1608266.7819900366,0.0023384882833218804,3760.9130261394857,False,False,False,False,False,Chamartín,18.388855162033455,0.9917508822922895
111999426,5300000.0,055,05,False,False,True,True,False,False,790.0,6,7,,1.6700715368729793,,0.0023384882833218804,,True,True,True,False,True,Chamartín,18.388855162033455,
111972003,1150000.0,093,09,False,False,False,False,False,False,210.0,4,3,,1.656751140660718,,0.002672415723312596,,False,False,True,False,True,Moncloa-Aravaca,16.62527833062531,
112450554,3700000.0,162,16,False,False,True,True,False,False,554.0,6,5,,1.6317102565250337,,0.0027028857740617703,,True,True,False,False,True,Hortaleza,14.589315759435864,
111757427,2490000.0,095,09,False,False,True,True,False,False,400.0,6,6,,1.656751140660718,,0.002672415723312596,,True,True,False,False,True,Moncloa-Aravaca,16.62527833062531,
110940442,2490000.0,082,08,False,False,True,True,False,False,400.0,5,5,,1.7429699856269538,,0.002544812508122545,,True,True,False,False,True,Fuencarral-El Pardo,14.689461217858332,
110503248,3800000.0,093,09,False,False,True,True,False,False,899.0,5,6,,1.656751140660718,,0.002672415723312596,,True,True,False,False,True,Moncloa-Aravaca,16.62527833062531,
110587211,2860000.0,097,09,False,False,True,True,False,False,686.0,5,6,,1.656751140660718,,0.002672415723312596,,True,True,False,False,True,Moncloa-Aravaca,16.62527833062531,
111692191,1275000.0,161,16,False,False,True,True,False,False,368.0,4,5,,1.6317102565250337,,0.0027028857740617703,,True,True,False,False,True,Hortaleza,14.589315759435864,
111745044,2500000.0,051,05,False,False,False,False,False,False,247.0,3,4,1.5381728e+06,1.6700715368729793,2568858.528568637,0.0023384882833218804,6007.245570569244,False,False,False,False,False,Chamartín,18.388855162033455,0.9731948926720364
112165968,1350000.0,075,07,False,False,False,False,False,False,251.0,5,3,1.0962716e+06,1.6853880807988142,1847643.1300929473,0.002278740199336892,4210.298674571442,False,False,False,False,False,Chamberí,19.980022301161203,0.7306605794226546
110266670,1290000.0,092,09,False,False,False,False,False,False,159.0,3,2,838244.75,1.656751140660718,1388762.9457153585,0.002672415723312596,3711.3519320836413,False,False,False,False,False,Moncloa-Aravaca,16.62527833062531,0.928884230372027
111583624,1260000.0,087,08,False,False,True,True,False,False,247.0,5,4,,1.7429699856269538,,0.002544812508122545,,True,False,False,False,True,Fuencarral-El Pardo,14.689461217858332,
111760568,3750000.0,074,07,False,False,False,False,False,False,314.0,4,5,2.29698e+06,1.6853880807988142,3871302.7138332603,0.002278740199336892,8821.693117813855,False,False,False,False,False,Chamberí,19.980022301161203,0.9686661770468604
93752362,4495000.0,093,09,False,False,True,True,False,False,736.0,5,6,,1.656751140660718,,0.002672415723312596,,True,True,False,False,True,Moncloa-Aravaca,16.62527833062531,
107514241,4900000.0,097,09,False,False,True,True,False,False,545.0,5,6,,1.656751140660718,,0.002672415723312596,,True,True,False,False,True,Moncloa-Aravaca,16.62527833062531,
111995850,1695000.0,076,07,False,False,False,False,False,False,192.0,3,4,1.0243118e+06,1.6853880807988142,1726362.9198089298,0.002278740199336892,3933.9325840132196,False,False,False,False,False,Chamberí,19.980022301161203,0.9818329509693124
106387165,3390000.0,042,04,False,False,False,False,False,False,263.0,4,5,1.5449059e+06,1.8766123722225168,2899189.4789442527,0.0019512838033895418,5657.141473221285,False,False,False,False,False,Salamanca,19.77461679945292,1.1692923227751493
109630900,2495000.0,042,04,False,False,False,False,False,False,286.0,4,5,976872.1,1.8766123722225168,1833210.315854301,0.0019512838033895418,3577.1135975331235,False,False,False,False,False,Salamanca,19.77461679945292,1.3610004146399841
111976734,1625000.0,014,01,False,False,False,False,False,False,155.0,2,2,949053.44,1.558745921449614,1479333.174940861,0.0025264030793100585,3737.3918884961167,False,False,False,False,False,Centro,18.93916135071505,1.0984678958916487
111861704,1350000.0,087,08,False,False,False,False,False,False,193.0,3,2,711666.94,1.7429699856269538,1240414.1118255532,0.002544812508122545,3156.621347025385,False,False,False,False,False,Fuencarral-El Pardo,14.689461217858332,1.088346212067167
112000576,745000.0,097,09,False,False,False,False,False,False,120.0,2,2,493281.75,1.656751140660718,817245.1019796152,0.002672415723312596,2184.0186603305297,False,False,False,False,False,Moncloa-Aravaca,16.62527833062531,0.9115992230426152
112136030,1480000.0,035,03,False,False,False,False,False,False,155.0,3,3,921671.0,1.7929648066474984,1652523.6663076065,0.0021651669060346315,3577.9895537282464,False,False,False,False,False,Retiro,17.253540940727106,0.8955998816688098
112033909,4390000.0,041,04,False,False,False,False,False,True,315.0,4,5,2.2819758e+06,1.8766123722225168,4282383.925561757,0.0019512838033895418,8356.146393844381,False,False,False,False,False,Salamanca,19.77461679945292,1.0251299454483465
111372759,995000.0,054,05,False,False,False,False,False,False,110.0,3,3,,1.6700715368729793,,0.0023384882833218804,,False,False,True,False,True,Chamartín,18.388855162033455,
111059740,1460000.0,097,09,False,False,False,False,False,False,263.0,5,6,888297.6,1.656751140660718,1471688.1034649569,0.002672415723312596,3932.9624275118454,False,False,False,False,False,Moncloa-Aravaca,16.62527833062531,0.9920580295257954
111524526,950000.0,073,07,False,False,False,False,False,False,134.0,3,2,795518.7,1.6853880807988142,1340757.7139652167,0.002278740199336892,3055.2385003835734,False,False,False,False,False,Chamberí,19.980022301161203,0.7085545659032068
111213429,2180000.0,087,08,False,False,False,False,False,False,362.0,5,4,1.1398996e+06,1.7429699856269538,1986810.8330024201,0.002544812508122545,5056.061059097931,False,False,False,False,False,Fuencarral-El Pardo,14.689461217858332,1.0972358131879305
111845998,1900000.0,055,05,False,False,False,False,False,False,196.0,4,2,977872.3,1.6700715368729793,1633116.7158024092,0.0023384882833218804,3819.0243052010433,False,False,False,False,False,Chamartín,18.388855162033455,1.1634196022949048
111861490,970000.0,044,04,False,False,False,False,False,False,111.0,3,2,447586.88,1.8766123722225168,839947.067269413,0.0019512838033895418,1638.9751080673516,False,False,False,False,False,Salamanca,19.77461679945292,1.1548346768485978
111961916,1100000.0,053,05,False,False,False,False,False,False,325.0,5,4,911613.7,1.6700715368729793,1522460.072117569,0.0023384882833218804,3560.25504047232,False,False,False,False,False,Chamartín,18.388855162033455,0.722514843013272
112062155,3150000.0,162,16,False,False,True,True,False,False,403.0,5,5,,1.6317102565250337,,0.0027028857740617703,,True,True,False,False,True,Hortaleza,14.589315759435864,
112142799,1160000.0,162,16,False,False,True,True,False,False,160.0,4,3,,1.6317102565250337,,0.0027028857740617703,,True,False,False,False,True,Hortaleza,14.589315759435864,
110491486,980000.0,161,16,False,False,False,False,False,False,146.0,3,2,642346.7,1.6317102565250337,1048123.6782386306,0.0027028857740617703,2832.958579368491,False,False,False,False,False,Hortaleza,14.589315759435864,0.9350041606224254
111577285,900000.0,075,07,False,False,False,False,False,False,129.0,4,2,,1.6853880807988142,,0.002278740199336892,,False,False,True,False,True,Chamberí,19.980022301161203,
110202069,2690000.0,051,05,False,False,False,False,False,False,286.0,4,5,1.6724644e+06,1.6700715368729793,2793135.149121557,0.0023384882833218804,6531.713819955274,False,False,False,False,False,Chamartín,18.388855162033455,0.963075489149176
110063069,1900000.0,075,07,False,False,False,False,False,False,260.0,4,3,1.3795734e+06,1.6853880807988142,2325116.5228123926,0.002278740199336892,5298.336488675012,False,False,False,False,False,Chamberí,19.980022301161203,0.8171633470230627
111677991,2720000.0,162,16,False,False,True,True,False,False,450.0,5,5,,1.6317102565250337,,0.0027028857740617703,,True,True,False,False,True,Hortaleza,14.589315759435864,
107145320,7900000.0,046,04,False,False,False,False,False,True,473.0,4,4,,1.8766123722225168,,0.0019512838033895418,,False,True,False,False,True,Salamanca,19.77461679945292,
111240758,980000.0,042,04,False,False,False,False,False,False,122.0,4,2,,1.8766123722225168,,0.0019512838033895418,,False,False,True,False,True,Salamanca,19.77461679945292,
111665799,799000.0,033,03,False,False,False,False,False,True,146.0,3,2,496563.5,1.7929648066474984,890320.8797657051,0.0021651669060346315,1927.6933046203428,False,False,False,False,False,Retiro,17.253540940727106,0.8974292506879802
94767647,3700000.0,162,16,False,False,True,True,False,False,554.0,6,5,,1.6317102565250337,,0.0027028857740617703,,True,True,False,False,True,Hortaleza,14.589315759435864,
111648486,3600000.0,042,04,False,False,False,False,False,False,218.0,3,5,1.2926811e+06,1.8766123722225168,2425861.3925135215,0.0019512838033895418,4733.544044479634,False,False,False,False,False,Salamanca,19.77461679945292,1.4840089426007608
111806490,895000.0,042,04,False,False,False,False,False,False,92.0,2,2,367674.2,1.8766123722225168,689981.9292093614,0.0019512838033895418,1346.3505630976963,False,False,False,False,False,Salamanca,19.77461679945292,1.297135420670459
111629402,2690000.0,075,07,False,False,False,False,False,False,355.0,5,4,1.6560926e+06,1.6853880807988142,2791158.7708738204,0.002278740199336892,6360.3256939219245,False,False,False,False,False,Chamberí,19.980022301161203,0.9637574286603012
111899253,3200000.0,041,04,False,False,False,False,False,True,272.0,4,4,2.0251746e+06,1.8766123722225168,3800467.7571860957,0.0019512838033895418,7415.791179901406,False,False,False,False,False,Salamanca,19.77461679945292,0.8420016178138324
110241188,1975000.0,051,05,False,False,False,False,False,False,374.0,5,4,,1.6700715368729793,,0.0023384882833218804,,False,True,False,False,True,Chamartín,18.388855162033455,
111786175,1025000.0,074,07,False,False,False,False,False,False,84.0,2,2,574937.7,1.6853880807988142,968993.1257145334,0.002278740199336892,2208.083588446814,False,False,False,False,False,Chamberí,19.980022301161203,1.0577990419118477
111432001,4000000.0,074,07,False,False,False,False,False,False,288.0,5,5,2.2221772e+06,1.6853880807988142,3745231.050572287,0.002278740199336892,8534.40855074381,False,False,False,False,False,Chamberí,19.980022301161203,1.0680248951233018
111667696,3100000.0,035,03,False,False,False,False,False,False,231.0,3,3,1.6285745e+06,1.7929648066474984,2919976.7635035464,0.0021651669060346315,6322.237054727991,False,False,False,False,False,Retiro,17.253540940727106,1.061652283931346
111667625,1798000.0,071,07,False,False,False,False,False,False,235.0,4,4,1.1307301e+06,1.6853880807988142,1905719.0752751534,0.002278740199336892,4342.63866547262,False,False,False,False,False,Chamberí,19.980022301161203,0.9434758896666863
111823305,1095000.0,207,20,False,False,False,False,False,False,211.0,5,3,740428.1,1.6143479514531922,1195308.6267920781,0.0037236887617743825,4450.957300437631,False,False,False,False,False,San Blas-Canillejas,13.614999673585043,0.9160813997793336
111850847,5500000.0,162,16,False,False,True,True,False,False,892.0,6,4,,1.6317102565250337,,0.0027028857740617703,,True,True,False,False,True,Hortaleza,14.589315759435864,
108225264,5600000.0,054,05,False,False,False,False,False,True,462.0,4,3,,1.6700715368729793,,0.0023384882833218804,,False,True,False,False,True,Chamartín,18.388855162033455,
111225678,1160000.0,161,16,False,False,False,False,False,False,156.0,3,2,615976.9,1.6317102565250337,1005095.7847197386,0.0027028857740617703,2716.6590980884334,False,False,False,False,False,Hortaleza,14.589315759435864,1.154118858754795
111655610,1720000.0,162,16,False,False,True,True,False,False,455.0,0,6,,1.6317102565250337,,0.0027028857740617703,,True,True,False,False,True,Hortaleza,14.589315759435864,
111213412,1095000.0,166,16,False,False,False,False,False,False,167.0,3,3,617237.6,1.6317102565250337,1007152.9634256525,0.0027028857740617703,2722.2194171473507,False,False,False,False,False,Hortaleza,14.589315759435864,1.0872231326963
110647408,2189000.0,042,04,False,False,False,False,False,False,160.0,3,3,1.0907736e+06,1.8766123722225168,2046959.279969004,0.0019512838033895418,3994.198489201436,False,False,False,False,False,Salamanca,19.77461679945292,1.06939108238301
110785085,1700000.0,042,04,False,False,False,False,False,False,144.0,2,2,915523.8,1.8766123722225168,1718083.3136018277,0.0019512838033895418,3352.4681427050814,False,False,False,False,False,Salamanca,19.77461679945292,0.9894747167039778
111958846,1750000.0,074,07,False,False,False,False,False,False,133.0,2,2,,1.6853880807988142,,0.002278740199336892,,False,False,True,False,True,Chamberí,19.980022301161203,
111740537,1250000.0,044,04,False,False,False,False,False,False,143.0,3,2,516142.03,1.8766123722225168,968598.5216678109,0.0019512838033895418,1890.0106073174534,False,False,False,False,False,Salamanca,19.77461679945292,1.290524373140328
111743634,2700000.0,162,16,False,False,True,True,False,False,464.0,6,6,,1.6317102565250337,,0.0027028857740617703,,True,True,False,False,True,Hortaleza,14.589315759435864,
108734495,7000000.0,162,16,False,False,True,True,False,True,1035.0,9,9,,1.6317102565250337,,0.0027028857740617703,,True,True,False,False,True,Hortaleza,14.589315759435864,
111510643,5500000.0,162,16,False,False,True,True,False,False,900.0,4,6,,1.6317102565250337,,0.0027028857740617703,,True,True,False,False,True,Hortaleza,14.589315759435864,
111414143,1620000.0,042,04,False,False,False,False,False,False,130.0,3,2,746357.75,1.8766123722225168,1400624.18775416,0.0019512838033895418,2733.015292200325,False,False,False,False,False,Salamanca,19.77461679945292,1.1566271767715217
111996650,1480000.0,052,05,False,False,False,False,False,False,154.0,3,3,660827.75,1.6700715368729793,1103629.6160508129,0.0023384882833218804,2580.8249262618515,False,False,False,False,False,Chamartín,18.388855162033455,1.3410296158017005
111622809,4500000.0,051,05,False,False,True,False,False,False,240.0,4,5,1.4554519e+06,1.6700715368729793,2430708.7497259094,0.0023384882833218804,5684.183931402016,False,False,False,False,False,Chamartín,18.388855162033455,1.8513118860938922
111731743,1100000.0,073,07,False,False,False,False,False,False,113.0,3,1,,1.6853880807988142,,0.002278740199336892,,False,False,True,False,True,Chamberí,19.980022301161203,
111385131,2590000.0,082,08,False,False,True,True,False,False,733.0,6,4,,1.7429699856269538,,0.002544812508122545,,True,True,False,False,True,Fuencarral-El Pardo,14.689461217858332,
112012590,1400000.0,087,08,False,False,False,False,False,False,260.0,4,4,892901.06,1.7429699856269538,1556299.7520719168,0.002544812508122545,3960.4910754606294,False,False,False,False,False,Fuencarral-El Pardo,14.689461217858332,0.8995696350501673
109488632,1170000.0,046,04,False,False,False,False,False,True,161.0,4,3,590745.44,1.8766123722225168,1108600.1968465035,0.0019512838033895418,2163.1936085410402,False,False,False,False,False,Salamanca,19.77461679945292,1.055384983087819
111208925,1245000.0,055,05,False,False,False,False,False,False,178.0,4,2,816627.6,1.6700715368729793,1363826.552736681,0.0023384882833218804,3189.292414057999,False,False,False,False,False,Chamartín,18.388855162033455,0.9128726798153025
111523851,2990000.0,162,16,False,False,True,True,False,False,450.0,5,6,,1.6317102565250337,,0.0027028857740617703,,True,True,False,False,True,Hortaleza,14.589315759435864,
111588513,1095000.0,034,03,False,False,False,False,False,False,105.0,3,2,592029.06,1.7929648066474984,1061487.273575012,0.0021651669060346315,2298.2971159215454,False,False,False,False,False,Retiro,17.253540940727106,1.0315714820697939
111278716,945000.0,034,03,False,False,False,False,False,False,104.0,3,2,496881.88,1.7929648066474984,890891.7149360215,0.0021651669060346315,1928.9292580399126,False,False,False,False,False,Retiro,17.253540940727106,1.0607349739107903
106408678,1295000.0,042,04,False,False,False,False,False,False,113.0,3,2,617472.56,1.8766123722225168,1158756.6502954413,0.0019512838033895418,2261.0630837914136,False,False,False,False,False,Salamanca,19.77461679945292,1.1175771890239607
109782577,898000.0,045,04,False,False,False,False,False,False,73.0,2,2,479762.62,1.8766123722225168,900328.4778049517,0.0019512838033895418,1756.7963764711628,False,False,False,False,False,Salamanca,19.77461679945292,0.9974137463577419
112395145,1475000.0,071,07,False,False,False,False,False,False,156.0,2,3,819365.8,1.6853880807988142,1380949.374201536,0.002278740199336892,3146.8248522421645,False,False,False,False,False,Chamberí,19.980022301161203,1.0681057738650586
111977297,850000.0,071,07,True,False,False,False,False,False,117.0,2,2,575583.9,1.6853880807988142,970082.2024249946,0.002278740199336892,2210.5653113271032,False,False,False,False,False,Chamberí,19.980022301161203,0.8762144052072957
111201685,1260000.0,097,09,False,False,True,True,False,False,234.0,5,4,,1.656751140660718,,0.002672415723312596,,True,False,True,False,True,Moncloa-Aravaca,16.62527833062531,
109930074,1795000.0,054,05,False,False,False,False,False,False,236.0,3,4,1.4115404e+06,1.6700715368729793,2357373.4034345113,0.0023384882833218804,5512.690083346229,False,False,False,False,False,Chamartín,18.388855162033455,0.7614406768926906
111820999,1150000.0,051,05,False,False,False,False,False,False,113.0,2,2,620455.25,1.6700715368729793,1036204.6529284086,0.0023384882833218804,2423.1524399966993,False,False,False,False,False,Chamartín,18.388855162033455,1.1098193747248628
110228319,410000.0,091,09,False,False,False,False,False,False,57.0,1,1,284373.06,1.656751140660718,471135.3956700567,0.002672415723312596,1259.0696391977606,False,False,False,False,False,Moncloa-Aravaca,16.62527833062531,0.8702381603421901
112148864,879000.0,166,16,False,False,False,False,False,False,158.0,4,2,566001.4,1.6317102565250337,923550.2487947717,0.0027028857740617703,2496.250829098597,False,False,False,False,False,Hortaleza,14.589315759435864,0.951761965466514
111727949,5490000.0,095,09,False,False,True,True,False,True,1100.0,6,6,,1.656751140660718,,0.002672415723312596,,True,True,False,False,True,Moncloa-Aravaca,16.62527833062531,
111608494,2190000.0,034,03,False,False,False,False,False,False,204.0,3,4,1.2232698e+06,1.7929648066474984,2193279.6107864836,0.0021651669060346315,4748.8164289554115,False,False,False,False,False,Retiro,17.253540940727106,0.9985047000982663
111469565,2250000.0,054,05,False,False,False,False,False,False,228.0,4,4,1.4660854e+06,1.6700715368729793,2448467.455413248,0.0023384882833218804,5725.712456578819,False,False,False,False,False,Chamartín,18.388855162033455,0.918942171367456
111762400,1750000.0,012,01,False,False,False,False,False,False,215.0,2,2,911771.9,1.558745921449614,1421220.6914487174,0.0025264030793100585,3590.5763312552103,False,False,False,False,False,Centro,18.93916135071505,1.2313358583431138
109325772,926000.0,016,01,False,False,False,False,False,False,124.0,2,2,633313.25,1.558745921449614,987174.4454374998,0.0025264030793100585,2494.0005587694986,False,False,False,False,False,Centro,18.93916135071505,0.9380307647546647
110181131,1795000.0,071,07,False,False,False,False,False,False,209.0,4,3,1.0539704e+06,1.6853880807988142,1776349.1075400566,0.002278740199336892,4047.8381194077388,False,False,False,False,False,Chamberí,19.980022301161203,1.010499564742525
111543820,1995000.0,042,04,False,False,False,False,False,False,164.0,3,2,1.0009368e+06,1.8766123722225168,1878370.4061504696,0.0019512838033895418,3665.2337502876467,False,False,False,False,False,Salamanca,19.77461679945292,1.0620908386693289
107282868,2750000.0,095,09,False,False,True,True,False,False,577.0,4,4,,1.656751140660718,,0.002672415723312596,,True,True,False,False,True,Moncloa-Aravaca,16.62527833062531,
109870407,1475000.0,015,01,False,False,False,False,False,False,175.0,4,2,1.0052655e+06,1.558745921449614,1566953.498099007,0.0025264030793100585,3958.7561427329993,False,False,False,False,False,Centro,18.93916135071505,0.9413170217172604
111543305,1090000.0,016,01,False,False,False,False,False,False,128.0,2,2,619968.5,1.558745921449614,966373.370802235,0.0025264030793100585,2441.4486597580076,False,False,False,False,False,Centro,18.93916135071505,1.1279284311147113
111550207,1080000.0,075,07,False,False,False,False,False,False,101.0,1,2,650886.06,1.6853880807988142,1096995.611695572,0.002278740199336892,2499.7679988668638,False,False,False,False,False,Chamberí,19.980022301161203,0.9845071288213243
110661171,4750000.0,046,04,False,False,False,False,False,True,444.0,6,6,,1.8766123722225168,,0.0019512838033895418,,False,True,False,False,True,Salamanca,19.77461679945292,
98954898,3950000.0,097,09,False,False,True,True,False,False,800.0,7,7,,1.656751140660718,,0.002672415723312596,,True,True,False,False,True,Moncloa-Aravaca,16.62527833062531,
110660735,590000.0,015,01,False,False,False,False,False,False,69.0,1,1,422834.56,1.558745921449614,659091.6497448069,0.0025264030793100585,1665.1311734628268,False,False,False,False,False,Centro,18.93916135071505,0.8951714078435701
110631464,1879000.0,042,04,False,False,False,False,False,False,143.0,3,3,825711.8,1.8766123722225168,1549541.003227779,0.0019512838033895418,3023.5942622863467,False,False,False,False,False,Salamanca,19.77461679945292,1.2126171531349863
111671501,1140000.0,042,04,False,False,False,False,False,False,104.0,2,2,628722.2,1.8766123722225168,1179867.835753305,0.0019512838033895418,2302.256998045696,False,False,False,False,False,Salamanca,19.77461679945292,0.9662099139028986
112031424,724000.0,075,07,False,False,False,False,False,False,74.0,2,1,405550.84,1.6853880807988142,683510.5582141522,0.002278740199336892,1557.5429856737876,False,False,False,False,False,Chamberí,19.980022301161203,1.0592374781914662
112261947,849000.0,166,16,False,False,False,False,False,False,149.0,3,2,558778.1,1.6317102565250337,911763.9976843273,0.0027028857740617703,2464.3939386426573,False,False,False,False,False,Hortaleza,14.589315759435864,0.9311620135871415
110966749,2390000.0,163,16,False,False,True,True,False,False,396.0,4,4,,1.6317102565250337,,0.0027028857740617703,,True,True,False,False,True,Hortaleza,14.589315759435864,
111987592,725000.0,044,04,False,False,False,False,False,False,123.0,3,2,516131.72,1.8766123722225168,968579.1691027223,0.0019512838033895418,1889.9728449706422,False,False,False,False,False,Salamanca,19.77461679945292,0.7485190918070533
111860784,2895000.0,042,04,False,False,False,False,False,False,220.0,3,4,1.7046541e+06,1.8766123722225168,3198975.0213351487,0.0019512838033895418,6242.108146578989,False,False,False,False,False,Salamanca,19.77461679945292,0.9049773695299818
111515405,3150000.0,074,07,False,False,False,False,False,False,299.0,5,4,,1.6853880807988142,,0.002278740199336892,,False,False,True,False,True,Chamberí,19.980022301161203,
112018202,2580000.0,051,05,False,False,False,False,False,False,286.0,4,5,1.7827025e+06,1.6700715368729793,2977240.7039623023,0.0023384882833218804,6962.242502844831,False,False,False,False,False,Chamartín,18.388855162033455,0.8665742062999378
112220447,830000.0,042,04,False,False,False,False,False,False,88.0,3,2,554186.56,1.8766123722225168,1039993.359706967,0.0019512838033895418,2029.3221984288784,False,False,False,False,False,Salamanca,19.77461679945292,0.7980820187485277
111852267,780000.0,071,07,False,False,False,False,False,False,94.0,3,1,,1.6853880807988142,,0.002278740199336892,,False,False,True,False,True,Chamberí,19.980022301161203,
111648292,1225000.0,063,06,False,False,False,False,False,False,137.0,3,3,687381.0,1.7497591043844554,1202751.1629308914,0.002978418922071256,3582.2968222165755,False,False,False,False,False,Tetuán,17.333396740317067,1.0184982877213704
111823207,1150000.0,076,07,False,False,False,False,False,False,133.0,4,2,703453.56,1.6853880807988142,1185592.2496329637,0.002278740199336892,2701.656719260894,False,False,False,False,False,Chamberí,19.980022301161203,0.9699793502833859
110023658,1230000.0,073,07,False,False,False,False,False,False,119.0,3,3,788857.7,1.6853880807988142,1329531.3439590158,0.002278740199336892,3029.656519757814,False,False,False,False,False,Chamberí,19.980022301161203,0.9251380237019189
100779877,1400000.0,013,01,False,False,False,False,False,False,128.0,2,2,794743.0,1.558745921449614,1238802.4098506307,0.0025264030793100585,3129.7142229033543,False,False,False,False,False,Centro,18.93916135071505,1.1301237298761841
109726438,885000.0,043,04,False,False,False,False,False,False,90.0,2,3,450365.7,1.8766123722225168,845161.8211869997,0.0019512838033895418,1649.1505729254006,False,False,False,False,False,Salamanca,19.77461679945292,1.0471367468505013
111310119,2690000.0,075,07,False,False,False,False,False,False,355.0,5,4,,1.6853880807988142,,0.002278740199336892,,False,False,True,False,True,Chamberí,19.980022301161203,
111525068,2350000.0,042,04,False,False,False,False,False,False,263.0,5,3,1.0797512e+06,1.8766123722225168,2026274.5546727278,0.0019512838033895418,3953.8367197532502,False,False,False,False,False,Salamanca,19.77461679945292,1.1597638605196612
111894245,840000.0,062,06,False,False,False,False,False,False,112.0,3,2,464622.4,1.7497591043844554,812977.2854369506,0.002978418922071256,2421.386930159538,False,False,False,False,False,Tetuán,17.333396740317067,1.0332391999716517
111284723,1400000.0,073,07,False,False,False,False,False,False,149.0,3,2,783656.0,1.6853880807988142,1320764.4818464755,0.002278740199336892,3009.6791186399246,False,False,False,False,False,Chamberí,19.980022301161203,1.0599921630560132
111043583,2275000.0,074,07,False,False,False,False,False,False,182.0,3,4,1.0603371e+06,1.6853880807988142,1787079.5521034824,0.002278740199336892,4072.2900147911732,False,False,False,False,False,Chamberí,19.980022301161203,1.2730267084765257
110830154,1450000.0,051,05,False,False,False,False,False,False,150.0,3,2,1.00008375e+06,1.6700715368729793,1670211.4053641923,0.0023384882833218804,3905.7698021147353,False,False,False,False,False,Chamartín,18.388855162033455,0.8681535734596574
111464362,1100000.0,042,04,False,False,False,False,False,False,85.0,2,2,542931.4,1.8766123722225168,1018871.7355927828,0.0019512838033895418,1988.1079153935889,False,False,False,False,False,Salamanca,19.77461679945292,1.0796255913017516
110726774,1550000.0,063,06,False,False,False,False,False,False,214.0,4,3,1.0457745e+06,1.7497591043844554,1829853.4525081017,0.002978418922071256,5450.070147567547,False,False,False,False,False,Tetuán,17.333396740317067,0.8470623687790306
111436919,4000000.0,074,07,False,False,False,False,False,False,288.0,5,5,2.1389412e+06,1.6853880807988142,3604946.0882789167,0.002278740199336892,8214.735567803447,False,False,False,False,False,Chamberí,19.980022301161203,1.1095866351526191
111853990,750000.0,031,03,False,False,False,False,False,False,110.0,3,2,426797.6,1.7929648066474984,765233.0651555863,0.0021651669060346315,1656.8573080783185,False,False,False,False,False,Retiro,17.253540940727106,0.9800935612309314
112508877,895000.0,085,08,False,False,False,False,False,False,155.0,4,3,496691.9,1.7429699856269538,865719.0846975868,0.002544812508122545,2203.09275525882,False,False,False,False,False,Fuencarral-El Pardo,14.689461217858332,1.0338226519664189
112217884,1220000.0,012,01,False,False,False,False,False,False,135.0,2,2,741514.25,1.558745921449614,1155832.3128842695,0.0025264030793100585,2920.0983144368856,False,False,False,False,False,Centro,18.93916135071505,1.055516432963884
111890519,840000.0,097,09,False,False,True,True,False,False,198.0,3,3,,1.656751140660718,,0.002672415723312596,,True,False,False,False,True,Moncloa-Aravaca,16.62527833062531,
112312585,3950000.0,074,07,False,False,False,False,False,False,322.0,3,4,2.0446369e+06,1.6853880807988142,3446006.618686735,0.002278740199336892,7852.55380918246,False,False,False,False,False,Chamberí,19.980022301161203,1.14625432771378
111994318,950000.0,052,05,False,False,False,False,False,False,86.0,2,2,424307.0,1.6700715368729793,708623.0435959632,0.0023384882833218804,1657.10668474105,False,False,False,False,False,Chamartín,18.388855162033455,1.3406281500233899
109986056,1275000.0,011,01,False,False,False,False,False,False,134.0,2,2,656281.4,1.558745921449614,1022975.9166045947,0.0025264030793100585,2584.4495057698778,False,False,False,False,False,Centro,18.93916135071505,1.2463636526575423
110127183,840000.0,074,07,False,False,False,False,False,False,92.0,3,2,529232.25,1.6853880807988142,891961.7261243382,0.002278740199336892,2032.5490415894528,False,False,False,False,False,Chamberí,19.980022301161203,0.9417444441813473
112448081,1700000.0,054,05,False,False,False,False,False,False,170.0,6,2,790012.5,1.6700715368729793,1319377.3900238646,0.0023384882833218804,3085.34856785061,False,False,False,False,False,Chamartín,18.388855162033455,1.2884865337651805
109390903,799000.0,044,04,False,False,False,False,False,False,109.0,3,2,366113.0,1.8766123722225168,687052.1854315023,0.0019512838033895418,1340.6338015158785,False,False,False,False,False,Salamanca,19.77461679945292,1.1629393180638659
111954322,945000.0,034,03,False,False,False,False,False,False,104.0,3,2,489712.88,1.7929648066474984,878037.9502371656,0.0021651669060346315,1901.0987120959935,False,False,False,False,False,Retiro,17.253540940727106,1.0762632751178323
111949262,1095000.0,034,03,False,False,False,False,False,False,105.0,3,2,579061.44,1.7929648066474984,1038236.77832421,0.0021651669060346315,2247.955913055593,False,False,False,False,False,Retiro,17.253540940727106,1.05467271325854
111823455,820000.0,085,08,False,False,False,False,False,False,159.0,4,2,539111.8,1.7429699856269538,939655.708084446,0.002544812508122545,2391.2475992620452,False,False,False,False,False,Fuencarral-El Pardo,14.689461217858332,0.8726600529800723
112487491,890000.0,014,01,False,False,False,False,False,False,83.0,2,1,356762.62,1.558745921449614,556102.2866444081,0.0025264030793100585,1404.9385293897976,False,False,False,False,False,Centro,18.93916135071505,1.600424996218543
111121454,2500000.0,074,07,False,False,False,False,False,False,191.0,3,4,1.3635659e+06,1.6853880807988142,2298137.6731090057,0.002278740199336892,5236.858699324037,False,False,False,False,False,Chamberí,19.980022301161203,1.0878373516317268
111506432,2195000.0,015,01,False,False,False,False,False,False,246.0,3,3,1.1109991e+06,1.558745921449614,1731765.3548278399,0.0025264030793100585,4375.1373250795305,False,False,False,False,False,Centro,18.93916135071505,1.2674927315532374
112479408,600000.0,031,03,False,False,False,False,False,False,75.0,2,1,317027.5,1.7929648066474984,568419.1502394398,0.0021651669060346315,1230.7223328547623,False,False,False,False,False,Retiro,17.253540940727106,1.0555590883017525
112478409,387000.0,097,09,False,False,False,False,False,False,99.0,2,1,310188.44,1.656751140660718,513905.04764789087,0.002672415723312596,1373.3679296239325,False,False,False,False,False,Moncloa-Aravaca,16.62527833062531,0.7530574018902386
112524307,890000.0,013,01,False,False,False,False,False,False,95.0,2,2,450888.75,1.558745921449614,702821.0000900147,0.0025264030793100585,1775.609138831188,False,False,False,False,False,Centro,18.93916135071505,1.266325280385777
112501243,1100000.0,013,01,False,False,False,False,False,False,100.0,2,1,496604.25,1.558745921449614,774079.8492620444,0.0025264030793100585,1955.6377148074948,False,False,False,False,False,Centro,18.93916135071505,1.421042029512415
111918091,595000.0,154,15,False,False,False,False,False,True,130.0,4,2,,1.7410339116420641,,0.002871857299515261,,False,False,True,False,True,Ciudad Lineal,14.266652704537027,
112478081,1970000.0,036,03,False,False,False,False,False,False,165.0,3,3,828719.94,1.7929648066474984,1485865.6825046143,0.0021651669060346315,3217.147202571552,False,False,False,False,False,Retiro,17.253540940727106,1.325826434512786
112505822,2000000.0,072,07,False,False,False,False,False,False,185.0,3,4,1.00797944e+06,1.6853880807988142,1698836.5296527932,0.002278740199336892,3871.2070922218,False,False,False,False,False,Chamberí,19.980022301161203,1.1772763094567777
112488725,1595000.0,042,04,False,False,False,False,False,False,122.0,2,2,787392.7,1.8766123722225168,1477630.8591600377,0.0019512838033895418,2883.2771628675546,False,False,False,False,False,Salamanca,19.77461679945292,1.07943062376667
111829320,749000.0,026,02,False,False,False,False,False,False,146.0,2,2,539081.94,1.7568265401631447,947073.4551225696,0.0026432108289031436,2503.3148123466913,False,False,False,False,False,Arganzuela,17.153551573714722,0.7908573468602442
111019814,1075000.0,034,03,False,False,False,False,False,False,129.0,3,2,607353.6,1.7929648066474984,1088963.6748147823,0.0021651669060346315,2357.7881105828246,False,False,False,False,False,Retiro,17.253540940727106,0.9871770976959747
112101107,385000.0,072,07,False,False,False,False,False,False,50.0,2,1,203782.83,1.6853880807988142,343453.1495933484,0.002278740199336892,782.6404985672301,False,False,False,False,False,Chamberí,19.980022301161203,1.1209680285530748
112146909,1395000.0,074,07,False,False,False,False,False,False,132.0,3,3,838423.9,1.6853880807988142,1413069.6055821548,0.002278740199336892,3220.018514701183,False,False,False,False,False,Chamberí,19.980022301161203,0.9872125155683958
111592318,1320000.0,092,09,False,False,False,False,False,False,180.0,4,2,763462.0,1.656751140660718,1264866.5393511131,0.002672415723312596,3380.249227653905,False,False,False,False,False,Moncloa-Aravaca,16.62527833062531,1.0435883620395008
112073089,3950000.0,092,09,False,False,False,False,False,False,507.0,5,5,,1.656751140660718,,0.002672415723312596,,False,True,False,False,True,Moncloa-Aravaca,16.62527833062531,
108826063,929000.0,035,03,False,False,False,False,False,False,149.0,3,2,621674.2,1.7929648066474984,1114639.9393886782,0.0021651669060346315,2413.3815089088134,False,False,False,False,False,Retiro,17.253540940727106,0.8334529987410176
111759857,695000.0,084,08,False,False,False,False,False,True,118.0,3,2,406628.7,1.7429699856269538,708741.5976073821,0.002544812508122545,1803.6144826180216,False,False,False,False,False,Fuencarral-El Pardo,14.689461217858332,0.9806112726362162
111737380,1525000.0,034,03,False,False,False,False,False,False,203.0,3,2,,1.7929648066474984,,0.0021651669060346315,,False,False,True,False,True,Retiro,17.253540940727106,
112088822,2200000.0,046,04,False,False,False,False,False,True,136.0,3,3,,1.8766123722225168,,0.0019512838033895418,,False,False,True,False,True,Salamanca,19.77461679945292,
112249991,3500000.0,014,01,False,False,False,False,False,False,194.0,3,3,1.700718e+06,1.558745921449614,2650987.2460359447,0.0025264030793100585,6697.462341596903,False,False,False,False,False,Centro,18.93916135071505,1.320262858764634
112463584,878000.0,054,05,False,False,False,False,False,False,100.0,3,2,553453.94,1.6700715368729793,924307.6679890268,0.0023384882833218804,2161.4826517769097,False,False,False,False,False,Chamartín,18.388855162033455,0.9499001581477992
111547508,3350000.0,074,07,False,False,False,False,False,False,275.0,4,5,1.8202955e+06,1.6853880807988142,3067904.339231718,0.002278740199336892,6990.956945527401,False,False,False,False,False,Chamberí,19.980022301161203,1.091950605226148
111601834,2590000.0,014,01,False,False,False,False,False,False,177.0,3,4,1.0493889e+06,1.558745921449614,1635730.6289208487,0.0025264030793100585,4132.514897827411,False,False,False,False,False,Centro,18.93916135071505,1.5833902931246802
111255412,2300000.0,071,07,False,False,False,False,False,False,300.0,4,3,1.276015e+06,1.6853880807988142,2150580.471920499,0.002278740199336892,4900.614173274145,False,False,False,False,False,Chamberí,19.980022301161203,1.0694786965800294
111925149,980000.0,011,01,False,False,False,False,False,False,130.0,2,2,571402.7,1.558745921449614,890671.6086459734,0.0025264030793100585,2250.1954947372305,False,False,False,False,False,Centro,18.93916135071505,1.1002932960778062
111495917,570000.0,062,06,False,False,False,False,False,False,82.0,1,1,410751.1,1.7497591043844554,718715.4659249354,0.002978418922071256,2140.6357432960867,False,False,False,False,False,Tetuán,17.333396740317067,0.7930815837759255
109221655,2850000.0,035,03,False,False,False,False,False,False,241.0,3,4,1.5608258e+06,1.7929648066474984,2798505.6390591864,0.0021651669060346315,6059.231796042248,False,False,False,False,False,Retiro,17.253540940727106,1.0184006636335117
112455532,1350000.0,042,04,False,False,False,False,False,False,111.0,2,2,776883.8,1.8766123722225168,1457909.7743168978,0.0019512838033895418,2844.795729427865,False,False,False,False,False,Salamanca,19.77461679945292,0.9259832287169768
111579011,2075000.0,014,01,False,False,False,False,False,False,167.0,3,4,1.077709e+06,1.558745921449614,1679874.508259542,0.0025264030793100585,4244.040130521377,False,False,False,False,False,Centro,18.93916135071505,1.2352113147724548
111706879,799000.0,043,04,False,False,False,False,False,False,82.0,2,1,339241.7,1.8766123722225168,636625.1479361447,0.0019512838033895418,1242.2363399982703,False,False,False,False,False,Salamanca,19.77461679945292,1.255055667515261
104685725,2012000.0,164,16,False,False,False,False,False,False,318.0,4,5,1.1680372e+06,1.6317102565250337,1905898.360828295,0.0027028857740617703,5151.425566290445,False,False,False,False,False,Hortaleza,14.589315759435864,1.0556701455609594
111376707,3600000.0,041,04,False,False,False,False,False,True,250.0,4,4,2.1246592e+06,1.8766123722225168,3987161.8353070132,0.0019512838033895418,7780.084310727495,False,False,False,False,False,Salamanca,19.77461679945292,0.9028978879466021
111466644,2034396.0,012,01,False,False,False,False,False,False,222.0,2,3,930344.9,1.558745921449614,1450171.279447801,0.0025264030793100585,3663.7171859239315,False,False,False,False,False,Centro,18.93916135071505,1.4028660123338406
110629443,1099000.0,034,03,False,False,False,False,False,False,119.0,3,2,580157.5,1.7929648066474984,1040201.979812596,0.0021651669060346315,2252.210902281937,False,False,False,False,False,Retiro,17.253540940727106,1.0565255799628426
111715165,1480000.0,076,07,False,False,False,False,False,False,212.0,5,3,914468.8,1.6853880807988142,1541234.8368497456,0.002278740199336892,3512.0737793479516,False,False,False,False,False,Chamberí,19.980022301161203,0.9602689769361116
112450146,1600000.0,042,04,False,False,False,False,False,False,117.0,3,3,693104.56,1.8766123722225168,1300688.5972313746,0.0019512838033895418,2538.0125930310446,False,False,False,False,False,Salamanca,19.77461679945292,1.230117649532513
105996116,2280000.0,157,15,False,False,True,False,False,False,312.0,2,2,912242.44,1.7410339116420641,1588245.0193265162,0.002871857299515261,4561.213052171613,False,False,False,False,False,Ciudad Lineal,14.266652704537027,1.435546765301249
112329929,610000.0,045,04,False,False,False,False,False,False,45.0,2,2,308097.28,1.8766123722225168,578179.1698418704,0.0019512838033895418,1128.1916495696528,False,False,False,False,False,Salamanca,19.77461679945292,1.0550362790946488
112525243,1375000.0,072,07,False,False,False,False,False,False,164.0,4,3,766478.6,1.6853880807988142,1291813.938762064,0.002278740199336892,2943.7083523208416,False,False,False,False,False,Chamberí,19.980022301161203,1.06439476982084
110677069,1740000.0,075,07,False,False,False,False,False,False,150.0,3,3,,1.6853880807988142,,0.002278740199336892,,False,False,True,False,True,Chamberí,19.980022301161203,
110955026,1200000.0,041,04,False,False,False,False,False,True,82.0,1,2,614414.44,1.8766123722225168,1153017.7350846382,0.0019512838033895418,2249.864831491548,False,False,False,False,False,Salamanca,19.77461679945292,1.0407472179184762
111689958,995000.0,075,07,False,False,False,False,False,False,118.0,4,2,632807.3,1.6853880807988142,1066525.9019298304,0.002278740199336892,2430.3354463615406,False,False,False,False,False,Chamberí,19.980022301161203,0.9329356166592789
111158776,1590000.0,045,04,False,False,True,False,False,False,130.0,3,3,785317.7,1.8766123722225168,1473736.8884876762,0.0019512838033895418,2875.678920963702,False,False,False,False,False,Salamanca,19.77461679945292,1.0788900056859072
111149437,895000.0,045,04,False,False,False,False,False,False,75.0,2,2,469491.7,1.8766123722225168,881053.9094181275,0.0019512838033895418,1719.1862233606287,False,False,False,False,False,Salamanca,19.77461679945292,1.015828873162918
111844368,1390000.0,034,03,False,False,False,False,False,False,126.0,2,3,748154.3,1.7929648066474984,1341414.3522540545,0.0021651669060346315,2904.3859627803604,False,False,False,False,False,Retiro,17.253540940727106,1.0362197166478087
111506303,2600000.0,042,04,False,False,False,False,False,False,200.0,5,4,1.0862692e+06,1.8766123722225168,2038506.314114874,0.0019512838033895418,3977.7043538396674,False,False,False,False,False,Salamanca,19.77461679945292,1.2754436824636122
108785056,1749000.0,071,07,False,False,False,False,False,False,300.0,6,3,1.277381e+06,1.6853880807988142,2152882.71203887,0.002278740199336892,4905.8603803804035,False,False,False,False,False,Chamberí,19.980022301161203,0.8123991103740268
112054989,1980000.0,042,04,False,False,False,False,False,False,220.0,2,2,896423.06,1.8766123722225168,1682238.6098330985,0.0019512838033895418,3282.524952803864,False,False,False,False,False,Salamanca,19.77461679945292,1.1770030650981453
109993909,2500000.0,046,04,False,False,False,False,False,True,189.0,4,3,1.313237e+06,1.8766123722225168,2464436.8018603814,0.0019512838033895418,4808.815615947284,False,False,False,False,False,Salamanca,19.77461679945292,1.0144305579728286
110479839,2750000.0,051,05,False,False,False,False,False,False,160.0,4,3,929424.25,1.6700715368729793,1552204.985604516,0.0023384882833218804,3629.8131721499685,False,False,False,False,False,Chamartín,18.388855162033455,1.771673216813561
112528832,1600000.0,046,04,False,False,False,False,False,True,146.0,3,3,,1.8766123722225168,,0.0019512838033895418,,False,False,False,True,True,Salamanca,19.77461679945292,
111524742,5500000.0,162,16,False,False,True,True,False,False,900.0,6,6,,1.6317102565250337,,0.0027028857740617703,,True,True,False,False,True,Hortaleza,14.589315759435864,
110744642,395000.0,015,01,False,False,False,False,False,False,38.0,0,1,239411.97,1.558745921449614,373182.42983528494,0.0025264030793100585,942.8092398802737,False,False,False,False,False,Centro,18.93916135071505,1.058463551390522
111925550,1650000.0,046,04,False,False,False,False,False,True,130.0,2,3,798336.06,1.8766123722225168,1498167.3320789083,0.0019512838033895418,2923.349649852895,False,False,False,False,False,Salamanca,19.77461679945292,1.1013456005013829
110473441,2200000.0,042,04,False,False,False,False,False,False,250.0,3,2,1.1060831e+06,1.8766123722225168,2075689.2770815445,0.0019512838033895418,4050.2588672385646,False,False,False,False,False,Salamanca,19.77461679945292,1.0598888881351445
112414389,1329000.0,042,04,False,False,False,False,False,False,103.0,2,2,636304.5,1.8766123722225168,1194096.8972008624,0.0019512838033895418,2330.0219351857495,False,False,False,False,False,Salamanca,19.77461679945292,1.1129750048889417
111805230,945000.0,054,05,False,False,False,False,False,False,102.0,3,2,535197.56,1.6700715368729793,893818.2157350474,0.0023384882833218804,2090.183424916077,False,False,False,False,False,Chamartín,18.388855162033455,1.0572619615084287
112379020,1395000.0,092,09,False,False,False,False,False,False,153.0,3,3,791421.1,1.656751140660718,1311187.8515867388,0.002672415723312596,3504.0390307968637,False,False,False,False,False,Moncloa-Aravaca,16.62527833062531,1.0639207786373521
112395887,2900000.0,015,01,False,False,False,False,False,False,304.0,3,4,1.6054831e+06,1.558745921449614,2502540.2730499306,0.0025264030793100585,6322.42545193078,False,False,False,False,False,Centro,18.93916135071505,1.1588225097635179
112277850,695000.0,052,05,False,False,False,False,False,False,99.0,4,2,,1.6700715368729793,,0.0023384882833218804,,False,False,True,False,True,Chamartín,18.388855162033455,
112212715,2230000.0,045,04,False,False,False,False,False,False,150.0,4,3,833893.6,1.8766123722225168,1564895.093792484,0.0019512838033895418,3053.554450521032,False,False,False,False,False,Salamanca,19.77461679945292,1.4250156504712728
112251642,500000.0,073,07,False,False,False,False,False,False,68.0,3,1,259972.48,1.6853880807988142,438154.52650128095,0.002278740199336892,998.4403330598905,False,False,False,False,False,Chamberí,19.980022301161203,1.1411499134621819
111471582,4750000.0,046,04,False,False,False,False,False,True,444.0,6,7,,1.8766123722225168,,0.0019512838033895418,,False,True,False,False,True,Salamanca,19.77461679945292,
111816525,1400000.0,044,04,False,False,False,False,False,False,178.0,4,3,699036.44,1.8766123722225168,1311820.427246852,0.0019512838033895418,2559.733952642331,False,False,False,False,False,Salamanca,19.77461679945292,1.0672192404704448
112439503,890000.0,163,16,False,False,False,False,False,False,171.0,4,3,722789.25,1.6317102565250337,1179382.6325310366,0.0027028857740617703,3187.7365396436594,False,False,False,False,False,Hortaleza,14.589315759435864,0.7546321061977982
112450752,875000.0,075,07,False,False,False,False,False,False,102.0,2,2,557198.2,1.6853880807988142,939095.1838552029,0.002278740199336892,2139.95394645452,False,False,False,False,False,Chamberí,19.980022301161203,0.9317479367830668
111177553,1990000.0,041,04,False,False,False,False,False,True,128.0,2,2,937292.06,1.8766123722225168,1758933.8808734603,0.0019512838033895418,3432.179192981493,False,False,False,False,False,Salamanca,19.77461679945292,1.1313671432673726
112143390,1050000.0,042,04,False,False,False,False,False,False,74.0,2,3,415117.56,1.8766123722225168,779014.7537143539,0.0019512838033895418,1520.0788715243116,False,False,False,False,False,Salamanca,19.77461679945292,1.347856372416035
112438779,875000.0,075,07,False,False,False,False,False,False,102.0,2,2,605437.75,1.6853880807988142,1020397.5675156523,0.002278740199336892,2325.2209564034974,False,False,False,False,False,Chamberí,19.980022301161203,0.8575089042306817
111880607,2380000.0,074,07,False,False,False,False,False,False,248.0,4,3,1.4790164e+06,1.6853880807988142,2492716.5697312695,0.002278740199336892,5680.2534529998065,False,False,False,False,False,Chamberí,19.980022301161203,0.954781634181771
110438329,785000.0,042,04,False,False,False,False,False,False,68.0,2,2,450455.94,1.8766123722225168,845331.1854535928,0.0019512838033895418,1649.4810506756767,False,False,False,False,False,Salamanca,19.77461679945292,0.9286301197781791
110961237,1240000.0,015,01,False,False,False,False,False,False,120.0,2,2,650877.44,1.558745921449614,1014552.5510667011,0.0025264030793100585,2563.168689136789,False,False,False,False,False,Centro,18.93916135071505,1.2222136731076803
110929095,1990000.0,075,07,False,False,False,False,False,False,182.0,3,4,1.0907486e+06,1.6853880807988142,1838334.7317226955,0.002278740199336892,4189.087253013708,False,False,False,False,False,Chamberí,19.980022301161203,1.0825014431050757
109528089,1599000.0,015,01,False,False,False,False,False,False,176.0,3,4,943829.3,1.558745921449614,1471190.0914039682,0.0025264030793100585,3716.8191771734314,False,False,False,False,False,Centro,18.93916135071505,1.0868751831206678
109736044,2890000.0,046,04,False,False,False,False,False,True,276.0,4,5,2.0929665e+06,1.8766123722225168,3927686.828547258,0.0019512838033895418,7664.0316933307,False,False,False,False,False,Salamanca,19.77461679945292,0.7358020448562419
112459934,1100000.0,013,01,False,False,True,False,False,False,90.0,2,1,,1.558745921449614,,0.0025264030793100585,,False,False,True,False,True,Centro,18.93916135071505,
111378666,2690000.0,092,09,False,False,False,False,False,False,274.0,4,5,1.3605341e+06,1.656751140660718,2254066.463501582,0.002672415723312596,6023.802658453245,False,False,False,False,False,Moncloa-Aravaca,16.62527833062531,1.1933987056536108
109462624,3849000.0,046,04,False,False,False,False,False,True,433.0,5,5,,1.8766123722225168,,0.0019512838033895418,,False,True,False,False,True,Salamanca,19.77461679945292,
110675609,399900.0,011,01,False,False,False,False,False,False,66.0,1,1,344753.9,1.558745921449614,537383.7452710101,0.0025264030793100585,1357.647948823852,False,False,False,False,False,Centro,18.93916135071505,0.744160952985887
112271368,2290000.0,042,04,False,False,False,False,False,False,204.0,4,2,1.2595515e+06,1.8766123722225168,2363689.9283514293,0.0019512838033895418,4612.229873427131,False,False,False,False,False,Salamanca,19.77461679945292,0.9688241983571741
111968361,1875000.0,015,01,False,False,False,False,False,False,243.0,4,3,,1.558745921449614,,0.0025264030793100585,,False,False,True,False,True,Centro,18.93916135071505,
109866350,1950000.0,012,01,False,False,False,False,False,False,265.0,3,3,1.2025901e+06,1.558745921449614,1874532.4525193314,0.0025264030793100585,4735.824560311475,False,False,False,False,False,Centro,18.93916135071505,1.0402593976856693
110929296,670000.0,044,04,False,False,False,False,False,False,73.0,2,2,372044.44,1.8766123722225168,698183.1944290668,0.0019512838033895418,1362.3535590882095,False,False,False,False,False,Salamanca,19.77461679945292,0.9596335250490906
111927252,1325000.0,044,04,False,False,False,False,False,False,179.0,3,3,744264.5,1.8766123722225168,1396695.9689060054,0.0019512838033895418,2725.3502223857513,False,False,False,False,False,Salamanca,19.77461679945292,0.9486674476749848
111984194,1390000.0,042,04,False,False,False,False,False,False,151.0,3,3,,1.8766123722225168,,0.0019512838033895418,,False,False,True,False,True,Salamanca,19.77461679945292,
111956132,5500000.0,162,16,False,False,True,True,False,False,900.0,6,6,,1.6317102565250337,,0.0027028857740617703,,True,True,False,False,True,Hortaleza,14.589315759435864,
111662130,1750000.0,013,01,False,False,False,False,False,False,219.0,2,2,978152.06,1.558745921449614,1524690.5379794028,0.0025264030793100585,3851.982870146073,False,False,False,False,False,Centro,18.93916135071505,1.1477738966749205
112273109,1800000.0,063,06,False,False,False,False,False,False,277.0,3,3,,1.7497591043844554,,0.002978418922071256,,False,False,True,False,True,Tetuán,17.333396740317067,
111506085,2050000.0,054,05,False,False,False,False,False,True,217.0,4,5,1.2132319e+06,1.6700715368729793,2026184.0220645363,0.0023384882833218804,4738.2075954519205,False,False,False,False,False,Chamartín,18.388855162033455,1.0117541041070874
111225081,2370000.0,013,01,False,False,False,False,False,False,248.0,3,4,1.4127915e+06,1.558745921449614,2202182.9884836823,0.0025264030793100585,5563.601883309402,False,False,False,False,False,Centro,18.93916135071505,1.0762048441904768
111946989,2900000.0,074,07,False,False,False,False,False,False,250.0,3,3,1.7627705e+06,1.6853880807988142,2970952.389883766,0.002278740199336892,6770.028641144148,False,False,False,False,False,Chamberí,19.980022301161203,0.9761179646885753
111360988,1620000.0,166,16,False,False,False,False,False,False,278.0,3,2,790755.0,1.6317102565250337,1290283.043898453,0.0027028857740617703,3487.487683866247,False,False,False,False,False,Hortaleza,14.589315759435864,1.2555384709275434
112184981,735000.0,045,04,False,False,False,False,False,False,85.0,1,1,475169.56,1.8766123722225168,891709.0798910605,0.0019512838033895418,1739.9774849268172,False,False,False,False,False,Salamanca,19.77461679945292,0.8242598584841083
110993885,3150000.0,016,01,False,False,False,False,False,False,438.0,4,4,,1.558745921449614,,0.0025264030793100585,,False,True,False,False,True,Centro,18.93916135071505,
111928796,3025000.0,046,04,False,False,False,False,False,True,236.0,4,5,1.8731071e+06,1.8766123722225168,3515096.0052731484,0.0019512838033895418,6858.949902448774,False,False,False,False,False,Salamanca,19.77461679945292,0.8605739346697974
112504775,1798000.0,071,07,False,False,False,False,False,False,235.0,4,5,1.1268912e+06,1.6853880807988142,1899249.0811064767,0.002278740199336892,4327.895229670982,False,False,False,False,False,Chamberí,19.980022301161203,0.9466899407172595
111721778,2250000.0,054,05,False,False,False,False,False,False,218.0,5,3,1.2005401e+06,1.6700715368729793,2004987.8916364287,0.0023384882833218804,4688.640692794029,False,False,False,False,False,Chamartín,18.388855162033455,1.1222012907836554
111608763,1875000.0,072,07,False,False,False,False,False,False,243.0,4,2,1.1429312e+06,1.6853880807988142,1926282.7059224898,0.002278740199336892,4389.497837273022,False,False,False,False,False,Chamberí,19.980022301161203,0.9733773730279478
111688545,790000.0,034,03,False,False,False,False,False,False,92.0,2,1,460663.0,1.7929648066474984,825952.5467246565,0.0021651669060346315,1788.3251201232488,False,False,False,False,False,Retiro,17.253540940727106,0.9564714136820238
112021492,580000.0,044,04,False,False,False,False,False,False,79.0,1,1,356226.12,1.8766123722225168,668498.3534838848,0.0019512838033895418,1304.4300097456812,False,False,False,False,False,Salamanca,19.77461679945292,0.8676161982708336
112055408,4850000.0,041,04,False,False,False,False,False,True,300.0,4,5,2.0153485e+06,1.8766123722225168,3782027.929440091,0.0019512838033895418,7379.809842683334,False,False,False,False,False,Salamanca,19.77461679945292,1.2823807995299539
110822401,695000.0,052,05,False,False,False,False,False,False,85.0,3,2,332197.0,1.6700715368729793,554792.7543345931,0.0023384882833218804,1297.3763556833203,False,False,False,False,False,Chamartín,18.388855162033455,1.252720037473396
110756347,1995000.0,062,06,False,False,False,False,False,False,277.0,4,4,,1.7497591043844554,,0.002978418922071256,,False,False,True,False,True,Tetuán,17.333396740317067,
111313055,675000.0,044,04,False,False,False,False,False,False,73.0,2,2,353126.84,1.8766123722225168,662682.2039451376,0.0019512838033895418,1293.0810513526321,False,False,False,False,False,Salamanca,19.77461679945292,1.0185877876024603
111917901,1490000.0,046,04,False,False,False,False,False,True,193.0,4,2,878828.25,1.8766123722225168,1649219.967008663,0.0019512838033895418,3218.096209850639,False,False,False,False,False,Salamanca,19.77461679945292,0.9034574100521869
112424521,1350000.0,035,03,False,False,False,False,False,False,128.0,4,2,515747.44,1.7929648066474984,924717.0045561303,0.0021651669060346315,2002.1666557124088,False,False,False,False,False,Retiro,17.253540940727106,1.4599061046227955
112068294,390000.0,065,06,False,False,False,False,False,False,55.0,2,2,146609.17,1.7497591043844554,256530.73327454668,0.002978418922071256,764.0559900777242,False,False,False,False,False,Tetuán,17.333396740317067,1.5202856789194557
111947635,598000.0,076,07,False,False,False,False,False,False,72.0,3,2,402208.78,1.6853880807988142,677877.8859113676,0.002278740199336892,1544.7075888677407,False,False,False,False,False,Chamberí,19.980022301161203,0.8821647857652468
111763805,3750000.0,074,07,False,False,False,False,False,False,314.0,5,5,2.4780868e+06,1.6853880807988142,4176537.871635471,0.002278740199336892,9517.244742148692,False,False,False,False,False,Chamberí,19.980022301161203,0.8978728591132241
111916174,2650000.0,031,03,False,False,False,False,False,False,160.0,3,2,614778.44,1.7929648066474984,1102276.1023232387,0.0021651669060346315,2386.61173806312,False,False,False,False,False,Retiro,17.253540940727106,2.4041163501727594
111823157,820000.0,016,01,False,False,False,False,False,False,87.0,2,1,368043.28,1.558745921449614,573685.9635653707,0.0025264030793100585,1449.3619849085105,False,False,False,False,False,Centro,18.93916135071505,1.4293534304096012
111709983,1750000.0,016,01,False,False,False,False,False,False,213.0,2,2,923285.4,1.558745921449614,1439167.3126153273,0.0025264030793100585,3635.9167302337446,False,False,False,False,False,Centro,18.93916135071505,1.2159809249834974
108655961,4990000.0,046,04,False,False,False,False,False,True,347.0,4,4,2.3232185e+06,1.8766123722225168,4359780.580476237,0.0019512838033895418,8507.169233015537,False,False,False,False,False,Salamanca,19.77461679945292,1.1445530131369412
111990475,1049000.0,076,07,False,False,False,False,False,False,197.0,2,2,852490.06,1.6853880807988142,1436776.590336936,0.002278740199336892,3274.0405738669697,False,False,False,False,False,Chamberí,19.980022301161203,0.7301065503538032
111575808,980000.0,014,01,False,False,False,False,False,False,102.0,2,2,601015.5,1.558745921449614,936830.4593530005,0.0025264030793100585,2366.8113573008773,False,False,False,False,False,Centro,18.93916135071505,1.0460804195850053
112028865,1380000.0,062,06,False,False,False,False,False,False,195.0,4,2,845231.8,1.7497591043844554,1478952.05923725,0.002978418922071256,4404.938798068474,False,False,False,False,False,Tetuán,17.333396740317067,0.9330931258932875
111863614,3790000.0,046,04,False,False,False,False,False,True,316.0,3,4,1.9862996e+06,1.8766123722225168,3727514.4512159456,0.0019512838033895418,7273.438575558131,False,False,False,False,False,Salamanca,19.77461679945292,1.016763328379229
112131030,718000.0,034,03,False,False,False,False,False,False,68.0,2,2,437295.28,1.7929648066474984,784055.0493942697,0.0021651669060346315,1697.6100454578211,False,False,False,False,False,Retiro,17.253540940727106,0.9157520260276351
112460793,1100000.0,013,01,False,False,False,False,False,False,100.0,2,1,486628.12,1.558745921449614,758529.6051064229,0.0025264030793100585,1916.3515300887095,False,False,False,False,False,Centro,18.93916135071505,1.4501741165997974
111286795,730000.0,012,01,False,False,False,False,False,False,104.0,3,1,388334.7,1.558745921449614,605315.1102980354,0.0025264030793100585,1529.2699586098645,False,False,False,False,False,Centro,18.93916135071505,1.2059834416500428
112072551,798000.0,033,03,False,False,False,False,False,False,140.0,3,2,535104.1,1.7929648066474984,959422.8640169038,0.0021651669060346315,2077.3106340623644,False,False,False,False,False,Retiro,17.253540940727106,0.8317500342434411
111615552,815000.0,014,01,False,False,False,False,False,False,127.0,2,2,791254.4,1.558745921449614,1233364.5298604134,0.0025264030793100585,3115.975946151151,False,False,False,False,False,Centro,18.93916135071505,0.6607940963668203
111818511,1265000.0,055,05,False,False,False,False,False,False,175.0,3,3,805684.8,1.6700715368729793,1345551.273047093,0.0023384882833218804,3146.5558866294673,False,False,False,False,False,Chamartín,18.388855162033455,0.9401351143872212
110296213,795000.0,033,03,False,False,False,False,False,False,165.0,4,3,748459.7,1.7929648066474984,1341961.8788818845,0.0021651669060346315,2905.571449315111,False,False,False,False,False,Retiro,17.253540940727106,0.5924162321677794
112193181,685000.0,052,05,False,False,False,False,False,False,81.0,3,1,364315.4,1.6700715368729793,608432.7904224413,0.0023384882833218804,1422.8129515917162,False,False,False,False,False,Chamartín,18.388855162033455,1.1258433318894554
110890120,994900.0,013,01,False,False,False,False,False,False,151.0,3,2,690351.7,1.558745921449614,1076082.8772564835,0.0025264030793100585,2718.6190946936076,False,False,False,False,False,Centro,18.93916135071505,0.9245570401942809
111710090,900000.0,013,01,False,False,False,False,False,False,134.0,2,2,,1.558745921449614,,0.0025264030793100585,,False,False,True,False,True,Centro,18.93916135071505,
111843793,1100000.0,035,03,False,False,False,False,False,False,98.0,2,1,509573.53,1.7929648066474984,913647.4079303392,0.0021651669060346315,1978.1991314350935,False,False,False,False,False,Retiro,17.253540940727106,1.2039655456274978
111159590,1700000.0,014,01,False,False,False,False,False,False,169.0,3,2,842923.9,1.558745921449614,1313904.1522487542,0.0025264030793100585,3319.4514961595246,False,False,False,False,False,Centro,18.93916135071505,1.2938538911612698
111410527,750000.0,076,07,False,False,False,False,False,False,102.0,2,2,637788.2,1.6853880807988142,1074920.6092867793,0.002278740199336892,2449.464803477489,False,False,False,False,False,Chamberí,19.980022301161203,0.697725946940056
112459090,1825000.0,046,04,False,False,False,False,False,True,174.0,3,3,940820.5,1.8766123722225168,1765555.3903405743,0.0019512838033895418,3445.099637158663,False,False,False,False,False,Salamanca,19.77461679945292,1.0336690709250187
112197142,2300000.0,041,04,False,False,False,False,False,True,140.0,3,3,1.1379805e+06,1.8766123722225168,2135548.2856479655,0.0019512838033895418,4167.060781141177,False,False,False,False,False,Salamanca,19.77461679945292,1.0770067881195844
112157818,1900000.0,075,07,False,False,False,False,False,False,171.0,3,2,848271.25,1.6853880807988142,1429666.254034311,0.002278740199336892,3257.837964703374,False,False,False,False,False,Chamberí,19.980022301161203,1.3289814980513637
111337040,1660000.0,013,01,False,False,False,False,False,False,210.0,3,4,,1.558745921449614,,0.0025264030793100585,,False,False,False,True,True,Centro,18.93916135071505,
111982933,615000.0,166,16,False,False,False,False,False,False,118.0,4,2,321792.2,1.6317102565250337,525071.6128133767,0.0027028857740617703,1419.208592636946,False,False,False,False,False,Hortaleza,14.589315759435864,1.1712688040870838
109790862,1160000.0,015,01,False,False,False,False,False,False,149.0,4,3,656085.5,1.558745921449614,1022670.5972472307,0.0025264030793100585,2583.6781460052603,False,False,False,False,False,Centro,18.93916135071505,1.1342850797924817
111607709,1600000.0,087,08,False,False,False,False,False,False,208.0,4,4,830029.75,1.7429699856269538,1446716.941427444,0.002544812508122545,3681.623368257351,False,False,False,False,False,Fuencarral-El Pardo,14.689461217858332,1.1059523492006078
111444684,699000.0,166,16,False,False,False,False,False,True,195.0,4,2,697918.7,1.6317102565250337,1138801.08061424,0.0027028857740617703,3078.0492402784002,False,False,False,False,False,Hortaleza,14.589315759435864,0.6138034217731664
111015621,749000.0,014,01,False,False,False,False,False,False,65.0,1,2,398771.38,1.558745921449614,621583.2543721045,0.0025264030793100585,1570.3698478932522,False,False,False,False,False,Centro,18.93916135071505,1.2049874167807273
111639608,2980000.0,096,09,False,False,True,True,False,True,552.0,5,4,,1.656751140660718,,0.002672415723312596,,True,True,False,False,True,Moncloa-Aravaca,16.62527833062531,
112105570,975000.0,166,16,False,False,False,False,False,False,184.0,3,2,611919.94,1.6317102565250337,998476.0381909076,0.0027028857740617703,2698.766679367761,False,False,False,False,False,Hortaleza,14.589315759435864,0.976488130618094
111782683,8000000.0,013,01,False,False,True,True,False,False,410.0,4,5,,1.558745921449614,,0.0025264030793100585,,True,True,False,False,True,Centro,18.93916135071505,
112065097,670000.0,044,04,False,False,False,False,False,False,73.0,2,2,378073.0,1.8766123722225168,709496.4694032836,0.0019512838033895418,1384.4289693086907,False,False,False,False,False,Salamanca,19.77461679945292,0.9443316899991036
112104059,1650000.0,046,04,False,False,False,False,False,True,144.0,3,3,857214.44,1.8766123722225168,1608659.2190602652,0.0019512838033895418,3138.9506793255646,False,False,False,False,False,Salamanca,19.77461679945292,1.0256989053056775
112098926,795000.0,075,07,False,False,False,False,False,False,75.0,2,2,454694.75,1.6853880807988142,766337.1120517966,0.002278740199336892,1746.2831834761691,False,False,False,False,False,Chamberí,19.980022301161203,1.03740245317294
112265922,1800000.0,076,07,False,False,False,False,False,False,323.0,7,3,,1.6853880807988142,,0.002278740199336892,,False,False,True,False,True,Chamberí,19.980022301161203,
111248084,2390000.0,163,16,False,False,True,True,False,False,396.0,4,5,,1.6317102565250337,,0.0027028857740617703,,True,True,False,False,True,Hortaleza,14.589315759435864,
102957019,1650000.0,073,07,False,False,False,False,False,False,174.0,4,2,1.080433e+06,1.6853880807988142,1820948.900301705,0.002278740199336892,4149.469460055802,False,False,False,False,False,Chamberí,19.980022301161203,0.9061209788625143
111044361,2700000.0,162,16,False,False,True,True,False,False,366.0,5,5,,1.6317102565250337,,0.0027028857740617703,,True,False,False,False,True,Hortaleza,14.589315759435864,
111995649,1860000.0,074,07,False,False,False,False,False,False,206.0,4,3,1.3124308e+06,1.6853880807988142,2211955.1429238482,0.002278740199336892,5040.471103310553,False,False,False,False,False,Chamberí,19.980022301161203,0.8408850450472426
111740826,3790000.0,046,04,False,False,False,False,False,True,316.0,3,4,2.0102424e+06,1.8766123722225168,3772445.712090976,0.0019512838033895418,7361.112217169448,False,False,False,False,False,Salamanca,19.77461679945292,1.0046532910606933
111900542,870000.0,166,16,False,False,False,False,False,False,141.0,3,2,565444.06,1.6317102565250337,922640.8762724322,0.0027028857740617703,2493.792899044643,False,False,False,False,False,Hortaleza,14.589315759435864,0.9429454323711443
111823434,625000.0,015,01,False,False,False,False,False,False,56.0,2,2,401651.1,1.558745921449614,626072.004228589,0.0025264030793100585,1581.7102393529271,False,False,False,False,False,Centro,18.93916135071505,0.9982877301311215
112022260,2180000.0,042,04,False,False,False,False,False,False,220.0,3,2,1.0465517e+06,1.8766123722225168,1963971.844932853,0.0019512838033895418,3832.2664513305526,False,False,False,False,False,Salamanca,19.77461679945292,1.109995545824402
111692236,1150000.0,087,08,False,False,True,False,False,False,209.0,5,2,583056.7,1.7429699856269538,1016250.3062315743,0.002544812508122545,2586.1664906814767,False,False,False,False,False,Fuencarral-El Pardo,14.689461217858332,1.131610975119301
112010675,1550000.0,013,01,False,False,False,False,False,False,158.0,3,3,1.00198644e+06,1.558745921449614,1561842.2728009536,0.0025264030793100585,3945.8431274009495,False,False,False,False,False,Centro,18.93916135071505,0.9924177536956302
111154408,795000.0,014,01,False,False,False,False,False,False,74.0,2,2,717103.6,1.558745921449614,1117782.3507254834,0.0025264030793100585,2823.968772871297,False,False,False,False,False,Centro,18.93916135071505,0.7112296946574749
109654166,1780000.0,014,01,False,False,False,False,False,False,145.0,3,3,744180.7,1.558745921449614,1159988.6114621947,0.0025264030793100585,2930.5987999626877,False,False,False,False,False,Centro,18.93916135071505,1.5344978238676545
111695128,780000.0,044,04,False,False,False,False,False,False,110.0,3,2,373503.75,1.8766123722225168,700921.7583215059,0.0019512838033895418,1367.6972744560733,False,False,False,False,False,Salamanca,19.77461679945292,1.1128203551104798
112525934,2750000.0,074,07,False,False,False,False,False,False,184.0,3,3,1.3876911e+06,1.6853880807988142,2338798.0819052975,0.002278740199336892,5329.513207369619,False,False,False,False,False,Chamberí,19.980022301161203,1.1758176224258392
110651756,2100000.0,051,05,False,False,False,False,False,False,199.0,5,3,1.0349973e+06,1.6700715368729793,1728519.5523462782,0.0023384882833218804,4042.122720654553,False,False,False,False,False,Chamartín,18.388855162033455,1.2149124938445026
109989531,2800000.0,035,03,False,False,False,False,False,False,220.0,3,3,1.3105398e+06,1.7929648066474984,2349751.649462611,0.0021651669060346315,5087.604508816733,False,False,False,False,False,Retiro,17.253540940727106,1.1916152928929153
110768776,4350000.0,051,05,False,False,False,False,False,False,400.0,6,3,,1.6700715368729793,,0.0023384882833218804,,False,True,False,False,True,Chamartín,18.388855162033455,
111640409,750000.0,014,01,False,False,False,False,False,False,54.0,1,1,423123.8,1.558745921449614,659542.5170025862,0.0025264030793100585,1666.2702458912404,False,False,False,False,False,Centro,18.93916135071505,1.1371518600628125
111907332,849000.0,034,03,False,False,False,False,False,False,116.0,6,2,613536.8,1.7929648066474984,1100049.9123951849,0.0021651669060346315,2381.79166530435,False,False,False,False,False,Retiro,17.253540940727106,0.7717831622307361
111525326,1280000.0,071,07,False,False,False,False,False,False,163.0,3,2,709292.7,1.6853880807988142,1195433.4413102581,0.002278740199336892,2724.0822383453246,False,False,False,False,False,Chamberí,19.980022301161203,1.0707413359601623
111770550,2990000.0,015,01,False,False,False,False,False,False,256.0,4,4,1.3593345e+06,1.558745921449614,2118857.10776075,0.0025264030793100585,5353.087121664764,False,False,False,False,False,Centro,18.93916135071505,1.411138103201254
111676406,1350000.0,054,05,False,False,False,False,False,False,160.0,3,2,800913.6,1.6700715368729793,1337583.048606259,0.0023384882833218804,3127.922287135698,False,False,False,False,False,Chamartín,18.388855162033455,1.0092831255649353
112252512,895000.0,166,16,False,False,False,False,False,False,147.0,2,2,538647.7,1.6317102565250337,878916.9563472412,0.0027028857740617703,2375.612137892628,False,False,False,False,False,Hortaleza,14.589315759435864,1.0182987067624678
111346016,1325000.0,096,09,False,False,False,False,False,True,241.0,4,3,1.0374551e+06,1.656751140660718,1718804.9617280578,0.002672415723312596,4593.3614050297665,False,False,False,False,False,Moncloa-Aravaca,16.62527833062531,0.7708844397725424
112107011,890000.0,011,01,False,False,False,False,False,False,108.0,2,2,537100.1,1.558745921449614,837202.6292538279,0.0025264030793100585,2115.111300553348,False,False,False,False,False,Centro,18.93916135071505,1.0630640288280375
111075938,560000.0,034,03,False,False,False,False,False,False,54.0,2,1,351719.94,1.7929648066474984,630621.4697337577,0.0021651669060346315,1365.400736502452,False,False,False,False,False,Retiro,17.253540940727106,0.8880128997771463
112433024,880000.0,159,15,False,False,False,False,False,False,143.0,3,2,495565.3,1.7410339116420641,862796.0144959969,0.002871857299515261,2477.8270322230037,False,False,False,False,False,Ciudad Lineal,14.266652704537027,1.0199398064142111
112449015,2990000.0,036,03,False,False,True,True,False,False,405.0,5,6,,1.7929648066474984,,0.0021651669060346315,,True,True,False,False,True,Retiro,17.253540940727106,
112182839,1250000.0,041,04,False,False,False,False,False,True,85.0,2,2,465335.03,1.8766123722225168,873253.4768723014,0.0019512838033895418,1703.9653656745256,False,False,False,False,False,Salamanca,19.77461679945292,1.4314285978878403
112501658,1495000.0,042,04,False,False,False,False,False,False,104.0,3,2,600436.4,1.8766123722225168,1126786.3300574387,0.0019512838033895418,2198.6799157218225,False,False,False,False,False,Salamanca,19.77461679945292,1.326782159243795
111849901,1050000.0,084,08,False,False,False,False,False,True,190.0,4,2,551395.1,1.7429699856269538,961065.1530960224,0.002544812508122545,2445.7306227194663,False,False,False,False,False,Fuencarral-El Pardo,14.689461217858332,1.092537791654893
111403743,1155000.0,075,07,False,False,False,False,False,False,147.0,4,3,789839.25,1.6853880807988142,1331185.6576970748,0.002278740199336892,3033.426270975044,False,False,False,False,False,Chamberí,19.980022301161203,0.8676475691588561
111757443,1275000.0,161,16,False,False,True,True,False,False,368.0,5,5,,1.6317102565250337,,0.0027028857740617703,,True,True,False,False,True,Hortaleza,14.589315759435864,
108552765,1150000.0,161,16,False,False,True,True,False,False,220.0,5,4,,1.6317102565250337,,0.0027028857740617703,,True,False,False,False,True,Hortaleza,14.589315759435864,
112204733,1395000.0,166,16,False,False,False,False,False,False,167.0,4,3,729899.0,1.6317102565250337,1190983.6845273655,0.0027028857740617703,3219.0928580486875,False,False,False,False,False,Hortaleza,14.589315759435864,1.1713006803729618
112410468,845000.0,072,07,False,False,False,False,False,False,73.0,2,2,505397.78,1.6853880807988142,851791.3965809164,0.002278740199336892,1941.011296838247,False,False,False,False,False,Chamberí,19.980022301161203,0.9920269251272354
110497113,4350000.0,051,05,False,False,False,False,False,False,400.0,6,3,,1.6700715368729793,,0.0023384882833218804,,False,True,False,False,True,Chamartín,18.388855162033455,
112049331,720000.0,012,01,False,False,False,False,False,False,112.0,2,2,409908.56,1.558745921449614,638943.2999641491,0.0025264030793100585,1614.2283205339568,False,False,False,False,False,Centro,18.93916135071505,1.126860552478442
111860821,3000000.0,074,07,False,False,False,False,False,False,258.0,3,2,1.8012654e+06,1.6853880807988142,3035831.1933806064,0.002278740199336892,6917.870578757278,False,False,False,False,False,Chamberí,19.980022301161203,0.9881972378903235
111610678,625000.0,015,01,False,False,False,False,False,False,53.0,1,1,287406.5,1.558745921449614,447993.7096731085,0.0025264030793100585,1131.8126876296776,False,False,False,False,False,Centro,18.93916135071505,1.3951088743099747
111861484,5000000.0,096,09,False,False,True,True,False,True,1700.0,4,6,,1.656751140660718,,0.002672415723312596,,True,True,False,False,True,Moncloa-Aravaca,16.62527833062531,
112477429,980000.0,056,05,False,False,False,False,False,False,146.0,3,2,724363.25,1.6700715368729793,1209738.446181806,0.0023384882833218804,2828.959182280171,False,False,False,False,False,Chamartín,18.388855162033455,0.8100924651052384
111564872,5600000.0,046,04,False,False,False,False,False,True,420.0,4,5,,1.8766123722225168,,0.0019512838033895418,,False,True,False,False,True,Salamanca,19.77461679945292,
111841154,5950000.0,046,04,False,False,False,False,False,True,348.0,4,4,2.4977158e+06,1.8766123722225168,4687244.278745042,0.0019512838033895418,9146.143843645496,False,False,False,False,False,Salamanca,19.77461679945292,1.2694025841539982
111654435,590000.0,012,01,False,False,False,False,False,False,85.0,2,1,,1.558745921449614,,0.0025264030793100585,,False,False,True,False,True,Centro,18.93916135071505,
111893260,1250000.0,013,01,False,False,False,False,False,False,122.0,3,1,,1.558745921449614,,0.0025264030793100585,,False,False,True,False,True,Centro,18.93916135071505,
112489329,849000.0,043,04,False,False,False,False,False,False,83.0,2,2,379251.7,1.8766123722225168,711708.4089487676,0.0019512838033895418,1388.7450911178705,False,False,False,False,False,Salamanca,19.77461679945292,1.192904269958001
110922966,1149000.0,011,01,False,False,False,False,False,False,125.0,2,2,589178.44,1.558745921449614,918379.4864591813,0.0025264030793100585,2320.1967625656657,False,False,False,False,False,Centro,18.93916135071505,1.251116795334767
111878936,3095000.0,074,07,False,False,False,False,False,False,219.0,3,4,1.8258139e+06,1.6853880807988142,3077204.942682096,0.002278740199336892,7012.150604487869,False,False,False,False,False,Chamberí,19.980022301161203,1.0057828638811408
111836566,9000000.0,046,04,False,False,False,False,False,True,390.0,4,4,,1.8766123722225168,,0.0019512838033895418,,False,True,False,False,True,Salamanca,19.77461679945292,
112174849,1390000.0,034,03,False,False,False,False,False,False,126.0,3,2,637709.0,1.7929648066474984,1143389.7938823695,0.0021651669060346315,2475.629742411865,False,False,False,False,False,Retiro,17.253540940727106,1.2156834068636102
109723839,485000.0,016,01,False,False,False,False,False,False,65.0,0,1,,1.558745921449614,,0.0025264030793100585,,False,False,True,False,True,Centro,18.93916135071505,
111240390,2690000.0,015,01,False,False,False,False,False,False,253.0,3,4,1.3100086e+06,1.558745921449614,2041970.6012825668,0.0025264030793100585,5158.840814940889,False,False,False,False,False,Centro,18.93916135071505,1.3173549111384877
111720215,698000.0,051,05,False,False,True,False,False,False,73.0,3,1,436506.06,1.6700715368729793,728996.3506537478,0.0023384882833218804,1704.7494245881983,False,False,False,False,False,Chamartín,18.388855162033455,0.95748078762541
111260071,875000.0,075,07,False,False,False,False,False,False,102.0,2,2,562405.56,1.6853880807988142,947871.6316124526,0.002278740199336892,2159.9531907663454,False,False,False,False,False,Chamberí,19.980022301161203,0.9231207800907719
112007043,925000.0,053,05,False,False,False,False,False,False,154.0,3,2,564918.0,1.6700715368729793,943453.4724672097,0.0023384882833218804,2206.254891223912,False,False,False,False,False,Chamartín,18.388855162033455,0.9804405060707951
111979825,2250000.0,076,07,False,False,False,False,False,False,235.0,3,4,1.3755258e+06,1.6853880807988142,2318294.7038818495,0.002278740199336892,5282.791335645387,False,False,False,False,False,Chamberí,19.980022301161203,0.9705409740325533
111795630,800000.0,092,09,False,False,False,False,False,False,72.0,3,2,,1.656751140660718,,0.002672415723312596,,False,False,True,False,True,Moncloa-Aravaca,16.62527833062531,
111896546,1290000.0,014,01,False,False,False,False,False,False,112.0,2,2,825659.06,1.558745921449614,1286992.696179787,0.0025264030793100585,3251.4623106781683,False,False,False,False,False,Centro,18.93916135071505,1.0023366906658753
112373540,1900000.0,044,04,False,False,False,False,False,False,240.0,5,3,771942.25,1.8766123722225168,1448636.376991287,0.0019512838033895418,2826.7006994240046,False,False,False,False,False,Salamanca,19.77461679945292,1.3115782746986946
111808290,997000.0,015,01,False,False,False,False,False,False,127.0,3,3,619628.0,1.558745921449614,965842.6178159814,0.0025264030793100585,2440.107763779183,False,False,False,False,False,Centro,18.93916135071505,1.0322592745539365
111697140,849000.0,013,01,False,False,False,False,False,False,136.0,3,4,1.0102449e+06,1.558745921449614,1574715.078571625,0.0025264030793100585,3978.3650235393343,False,False,False,False,False,Centro,18.93916135071505,0.53914515175031
111956684,750000.0,051,05,False,False,False,False,False,False,116.0,2,1,633811.7,1.6700715368729793,1058510.8590311815,0.0023384882833218804,2475.3152416133967,False,False,False,False,False,Chamartín,18.388855162033455,0.7085425658140617
111644837,625000.0,014,01,False,False,False,False,False,False,100.0,3,1,425678.94,1.558745921449614,663525.3076751302,0.0025264030793100585,1676.332380510603,False,False,False,False,False,Centro,18.93916135071505,0.9419384502301567
111662528,3300000.0,055,05,False,False,False,False,False,False,491.0,6,4,,1.6700715368729793,,0.0023384882833218804,,False,True,True,False,True,Chamartín,18.388855162033455,
108753202,1400000.0,042,04,False,False,False,False,False,False,99.0,2,2,658096.44,1.8766123722225168,1234991.9167280623,0.0019512838033895418,2409.819724428474,False,False,False,False,False,Salamanca,19.77461679945292,1.1336106585289265
112311364,2080000.0,041,04,False,False,False,False,False,True,143.0,3,4,1.0084756e+06,1.8766123722225168,1892517.8349598353,0.0019512838033895418,3692.8393989829683,False,False,False,False,False,Salamanca,19.77461679945292,1.0990649396147665
112486926,1347000.0,042,04,False,False,False,False,False,False,116.0,2,2,704561.4,1.8766123722225168,1322188.5933151082,0.0019512838033895418,2579.9651871621722,False,False,False,False,False,Salamanca,19.77461679945292,1.0187654066979073
111473921,1427000.0,045,04,False,False,False,False,False,False,115.0,3,2,617235.9,1.8766123722225168,1158312.479604591,0.0019512838033895418,2260.196380716417,False,False,False,False,False,Salamanca,19.77461679945292,1.231964625372188
112398895,1390000.0,073,07,False,False,True,False,False,False,153.0,3,2,,1.6853880807988142,,0.002278740199336892,,False,False,True,False,True,Chamberí,19.980022301161203,
109666899,3995000.0,162,16,False,False,True,True,False,False,890.0,6,7,,1.6317102565250337,,0.0027028857740617703,,True,True,False,False,True,Hortaleza,14.589315759435864,
112374451,310000.0,015,01,False,False,False,False,False,False,55.0,1,2,343449.5,1.558745921449614,535350.5073489092,0.0025264030793100585,1352.5111702764862,False,False,False,False,False,Centro,18.93916135071505,0.5790598789849669
111785823,7900000.0,035,03,True,False,False,False,False,False,383.0,4,5,,1.7929648066474984,,0.0021651669060346315,,False,True,False,False,True,Retiro,17.253540940727106,
109790265,900000.0,045,04,False,False,False,False,False,False,83.0,2,3,524844.9,1.8766123722225168,984930.3859225803,0.0019512838033895418,1921.8787095169416,False,False,False,False,False,Salamanca,19.77461679945292,0.9137701637227627
111854996,1389000.0,043,04,False,False,False,False,False,False,118.0,3,2,506763.66,1.8766123722225168,950998.9471114685,0.0019512838033895418,1855.668842539116,False,False,False,False,False,Salamanca,19.77461679945292,1.4605694403962284
111633480,1850000.0,097,09,False,False,True,True,False,False,355.0,5,6,,1.656751140660718,,0.002672415723312596,,True,False,False,False,True,Moncloa-Aravaca,16.62527833062531,
112424449,2390000.0,041,04,False,False,False,False,False,True,171.0,3,4,1.6076281e+06,1.8766123722225168,3016894.829307887,0.0019512838033895418,5886.818016958136,False,False,False,False,False,Salamanca,19.77461679945292,0.7922052756967652
112084242,560000.0,012,01,False,False,False,False,False,False,90.0,2,2,386381.22,1.558745921449614,602270.1488512936,0.0025264030793100585,1521.5771586344354,False,False,False,False,False,Centro,18.93916135071505,0.9298153014358835
111790170,959000.0,045,04,False,False,False,False,False,False,71.0,2,2,431592.25,1.8766123722225168,809931.3561053535,0.0019512838033895418,1580.4059370257035,False,False,False,False,False,Salamanca,19.77461679945292,1.1840509603325644
111894161,1799000.0,073,07,False,False,False,False,False,False,184.0,4,3,1.0639909e+06,1.6853880807988142,1793237.538803701,0.002278740199336892,4086.3224666319434,False,False,False,False,False,Chamberí,19.980022301161203,1.003213439977474
111759916,1750000.0,062,06,False,False,False,False,False,False,245.0,5,2,1.1363938e+06,1.7497591043844554,1988415.3102280926,0.002978418922071256,5922.333784919538,False,False,False,False,False,Tetuán,17.333396740317067,0.8800978301656992
111844848,829000.0,045,04,False,False,False,False,False,False,54.0,2,1,315496.84,1.8766123722225168,592065.2803784042,0.0019512838033895418,1155.287392151668,False,False,False,False,False,Salamanca,19.77461679945292,1.4001834383366725
111198744,845000.0,043,04,False,False,False,False,False,False,105.0,3,2,516021.0,1.8766123722225168,968371.3929266353,0.0019512838033895418,1889.5674146835133,False,False,False,False,False,Salamanca,19.77461679945292,0.8725990938726728
111520482,699000.0,014,01,False,False,False,False,False,False,66.0,2,1,358136.75,1.558745921449614,558244.19838372,0.0025264030793100585,1410.3498618036053,False,False,False,False,False,Centro,18.93916135071505,1.2521401960357297
111602043,840000.0,042,04,False,False,False,False,False,False,98.0,2,2,560574.2,1.8766123722225168,1051980.455811085,0.0019512838033895418,2052.7124249065178,False,False,False,False,False,Salamanca,19.77461679945292,0.7984939219734397
112417841,3150000.0,042,04,False,False,False,False,False,False,242.0,5,5,1.1846752e+06,1.8766123722225168,2223176.231215803,0.0019512838033895418,4338.047772051999,False,False,False,False,False,Salamanca,19.77461679945292,1.4168917226491482
111432778,890000.0,052,05,False,False,False,False,False,False,208.0,4,2,717980.9,1.6700715368729793,1199079.4233566565,0.0023384882833218804,2804.033182291898,False,False,False,False,False,Chamartín,18.388855162033455,0.7422360709923356
110496352,765000.0,061,06,False,False,False,False,False,False,162.0,4,2,542245.3,1.7497591043844554,948798.6723566691,0.002978418922071256,2825.9199189831893,False,False,False,False,False,Tetuán,17.333396740317067,0.8062827471078331
112428016,999900.0,011,01,False,False,False,False,False,False,142.0,4,3,642461.25,1.558745921449614,1001433.8531269208,0.0025264030793100585,2530.0255702651893,False,False,False,False,False,Centro,18.93916135071505,0.9984683430441947
112210901,675000.0,011,01,True,False,False,False,False,False,185.0,4,3,912768.94,1.558745921449614,1422774.8585540226,0.0025264030793100585,3594.5027838158157,False,False,False,False,False,Centro,18.93916135071505,0.4744250265189588
112049822,649000.0,034,03,False,False,False,False,False,False,66.0,2,1,424419.5,1.7929648066474984,760969.2267549279,0.0021651669060346315,1647.6253862805331,False,False,False,False,False,Retiro,17.253540940727106,0.8528597178201164
111124023,650000.0,045,04,False,False,False,False,False,False,60.0,1,1,384780.2,1.8766123722225168,722083.2604485998,0.0019512838033895418,1408.9893708120649,False,False,False,False,False,Salamanca,19.77461679945292,0.9001732010740457
111377255,640000.0,166,16,False,False,False,False,False,True,100.0,2,1,356095.34,1.6317102565250337,581044.4246976825,0.0027028857740617703,1570.4967096132716,False,False,False,False,False,Hortaleza,14.589315759435864,1.1014648326296086
112098816,1230000.0,035,03,False,False,False,False,False,False,130.0,3,3,729784.9,1.7929648066474984,1308478.5972986438,0.0021651669060346315,2833.074556125639,False,False,False,False,False,Retiro,17.253540940727106,0.9400230179838914
110183018,1975000.0,051,05,False,False,False,False,False,False,373.0,5,5,,1.6700715368729793,,0.0023384882833218804,,False,True,False,False,True,Chamartín,18.388855162033455,
111929512,690000.0,045,04,False,False,False,False,False,False,77.0,2,2,342846.7,1.8766123722225168,643390.3355380069,0.0019512838033895418,1255.4371409926755,False,False,False,False,False,Salamanca,19.77461679945292,1.072443836793131
111695330,2250000.0,014,01,False,False,False,False,False,False,212.0,3,2,1.2965395e+06,1.558745921449614,2020975.6576233217,0.0025264030793100585,5105.799124630231,False,False,False,False,False,Centro,18.93916135071505,1.1133236521245446
111560149,420000.0,014,01,False,False,False,False,False,False,49.0,1,1,284225.0,1.558745921449614,443034.5595240165,0.0025264030793100585,1119.2838754222507,False,False,False,False,False,Centro,18.93916135071505,0.9480073077171132
111946122,417900.0,045,04,False,False,False,False,False,False,43.0,1,1,203384.06,1.8766123722225168,381673.0480003776,0.0019512838033895418,744.752436753456,False,False,False,False,False,Salamanca,19.77461679945292,1.0949161911992973
111819028,2290000.0,042,04,False,False,False,False,False,False,208.0,4,2,1.2060035e+06,1.8766123722225168,2263201.0890436578,0.0019512838033895418,4416.147628864462,False,False,False,False,False,Salamanca,19.77461679945292,1.0118411532612273
110742904,400000.0,014,01,False,False,False,False,False,False,54.0,1,1,414383.47,1.558745921449614,645918.541830206,0.0025264030793100585,1631.8505930632955,False,False,False,False,False,Centro,18.93916135071505,0.6192731344522214
112422309,995000.0,092,09,False,False,False,False,False,False,141.0,4,2,681772.25,1.656751140660718,1129526.9528583242,0.002672415723312596,3018.565588723951,False,False,False,False,False,Moncloa-Aravaca,16.62527833062531,0.8808997408004324
112328270,1299000.0,045,04,False,False,False,False,False,False,139.0,2,2,617082.25,1.8766123722225168,1158024.185028908,0.0019512838033895418,2259.6338361802823,False,False,False,False,False,Salamanca,19.77461679945292,1.1217382303354682
110784639,3500000.0,162,16,False,False,True,True,False,False,716.0,5,5,,1.6317102565250337,,0.0027028857740617703,,True,True,False,False,True,Hortaleza,14.589315759435864,
111576316,525000.0,166,16,False,False,False,False,False,False,60.0,2,1,279754.75,1.6317102565250337,456478.69488659664,0.0027028857740617703,1233.8097705712655,False,False,False,False,False,Hortaleza,14.589315759435864,1.1501084407245472
110238784,2899000.0,042,04,False,False,False,False,False,False,217.0,3,4,1.3012006e+06,1.8766123722225168,2441849.1916186716,0.0019512838033895418,4764.74077792536,False,False,False,False,False,Salamanca,19.77461679945292,1.1872150049030215
111739489,3530000.0,046,04,False,False,False,False,False,True,191.0,3,3,1.4102299e+06,1.8766123722225168,2646454.831102813,0.0019512838033895418,5163.984448332924,False,False,False,False,False,Salamanca,19.77461679945292,1.333859908929185
111533315,1300000.0,075,07,False,False,False,False,False,False,133.0,3,3,759076.2,1.6853880807988142,1279337.9588307058,0.002278740199336892,2915.2788353251353,False,False,False,False,False,Chamberí,19.980022301161203,1.0161505730574734
110471194,960000.0,074,07,False,False,False,False,False,False,93.0,3,2,,1.6853880807988142,,0.002278740199336892,,False,False,True,False,True,Chamberí,19.980022301161203,
111917137,682000.0,015,01,False,False,False,False,False,False,75.0,2,2,449800.88,1.558745921449614,701125.2793707176,0.0025264030793100585,1771.325064784306,False,False,False,False,False,Centro,18.93916135071505,0.9727220228203964
109747747,1350000.0,042,04,False,False,False,False,False,False,119.0,3,2,,1.8766123722225168,,0.0019512838033895418,,False,False,True,False,True,Salamanca,19.77461679945292,
109735537,2760000.0,046,04,False,False,False,False,False,True,241.0,4,4,1.7196844e+06,1.8766123722225168,3227180.974442746,0.0019512838033895418,6297.145966037009,False,False,False,False,False,Salamanca,19.77461679945292,0.855235582341825
111641003,3890000.0,044,04,False,False,False,False,False,False,343.0,4,4,1.5072844e+06,1.8766123722225168,2828588.5065826834,0.0019512838033895418,5519.378939348602,False,False,False,False,False,Salamanca,19.77461679945292,1.3752442219669643
111433769,2000000.0,044,04,False,False,False,False,False,False,260.0,4,4,1.0659774e+06,1.8766123722225168,2000426.3304342814,0.0019512838033895418,3903.399498450389,False,False,False,False,False,Salamanca,19.77461679945292,0.9997868802125851
112012988,2900000.0,014,01,False,False,False,False,False,False,137.0,2,3,939257.94,1.558745921449614,1464064.4792673015,0.0025264030793100585,3698.817008729388,False,False,False,False,False,Centro,18.93916135071505,1.9807870767080693
111402684,255000.0,026,02,False,False,False,False,False,False,38.0,1,1,157383.52,1.7568265401631447,276495.53723418096,0.0026432108289031436,730.8359981607795,False,False,False,False,False,Arganzuela,17.153551573714722,0.9222572000647696
110621376,680000.0,033,03,False,False,False,False,False,False,85.0,2,2,432528.8,1.7929648066474984,775508.9386735345,0.0021651669060346315,1679.1062893499775,False,False,False,False,False,Retiro,17.253540940727106,0.8768435360179119
111364888,1690000.0,013,01,False,False,True,False,False,False,151.0,3,3,795358.7,1.558745921449614,1239762.1102301432,0.0025264030793100585,3132.13881289737,False,False,False,False,False,Centro,18.93916135071505,1.3631647443123398
111512811,3247000.0,076,07,False,False,False,False,False,False,444.0,7,5,,1.6853880807988142,,0.002278740199336892,,False,True,False,False,True,Chamberí,19.980022301161203,
111531423,620000.0,065,06,False,False,False,False,False,False,142.0,3,2,446261.3,1.7497591043844554,780849.7944814316,0.002978418922071256,2325.6978031789477,False,False,False,False,False,Tetuán,17.333396740317067,0.7940067403254512
110860483,1115300.0,044,04,False,False,False,False,False,False,226.0,2,2,662537.9,1.8766123722225168,1243326.7732910153,0.0019512838033895418,2426.083395043339,False,False,False,False,False,Salamanca,19.77461679945292,0.8970288615661869
112371816,2000000.0,041,04,False,False,False,False,False,True,148.0,3,3,1.2604502e+06,1.8766123722225168,2365376.533720964,0.0019512838033895418,4615.520919167414,False,False,False,False,False,Salamanca,19.77461679945292,0.8455313441593201
111434688,1345000.0,045,04,False,False,False,False,False,False,104.0,2,2,562230.1,1.8766123722225168,1055088.008611212,0.0019512838033895418,2058.7761423535835,False,False,False,False,False,Salamanca,19.77461679945292,1.2747751742249374
111428433,370000.0,013,01,False,False,False,False,False,False,51.0,1,1,269951.7,1.558745921449614,420786.09187906573,0.0025264030793100585,1063.075278254117,False,False,False,False,False,Centro,18.93916135071505,0.8793066290468989
110752515,1000000.0,011,01,False,False,False,False,False,False,108.0,2,2,,1.558745921449614,,0.0025264030793100585,,False,False,True,False,True,Centro,18.93916135071505,
110752458,800000.0,011,01,False,False,False,False,False,False,95.0,2,2,480568.1,1.558745921449614,749083.5561116282,0.0025264030793100585,1892.4870028209464,False,False,False,False,False,Centro,18.93916135071505,1.0679716481198318
