propertyCode,precio_anunciado,barrio_code,distrito_code,barrio_rescatado,sin_barrio,planta_imputada,ascensor_desde_descripcion,sin_descripcion,obra_nueva,fuera_de_rango,CONSTRUCTEDAREA,ROOMNUMBER,BATHNUMBER,precio_estimado_2018,indice_venta,precio_estimado,factor_renta_mensual,renta_mensual_estimada,tipologia_casa,superficie_fuera_de_dominio,a_reformar,ocupada,fuera_de_dominio,distrito,alquiler_distrito_eur_m2_2026,anunciado / estimado
112480781,1900000.0,043,04,False,False,True,True,False,False,False,226.0,4,6,,1.8766123722225168,,0.0019512838033895418,,True,False,False,False,True,Salamanca,19.77461679945292,
112523989,198000.0,191,19,False,False,False,False,False,False,False,80.0,3,1,145265.42,2.2581962284331665,328037.8277998778,0.00280125738018172,918.9183861031879,False,False,False,False,False,Vicálvaro,11.870342778520444,0.603588925484507
112524281,1595000.0,083,08,False,False,False,False,False,False,False,260.0,4,5,871193.6,1.7429699856269538,1518464.3400445438,0.002544812508122545,3864.207045683401,False,False,False,False,False,Fuencarral-El Pardo,14.689461217858332,1.0504033304813802
112523803,260000.0,023,02,False,False,False,False,False,False,False,38.0,1,1,196707.81,1.7568265401631447,345581.50565743557,0.0026432108289031436,913.4447780223867,False,False,False,False,False,Arganzuela,17.153551573714722,0.7523550761357296
112524046,459000.0,146,14,False,False,False,False,False,False,False,93.0,3,2,255019.27,1.8348473926211004,467921.4346001791,0.002978326446711814,1393.6227836530459,False,False,False,False,False,Moratalaz,12.68696586656589,0.9809339048385289
112524145,475000.0,156,15,False,False,False,False,False,False,False,85.0,2,1,212321.19,1.7410339116420641,369658.38759761315,0.002871857299515261,1061.6061387492468,False,False,False,False,False,Ciudad Lineal,14.266652704537027,1.2849701668802795
112524048,1600000.0,051,05,False,False,False,False,False,False,False,154.0,3,2,,1.6700715368729793,,0.0023384882833218804,,False,False,True,False,True,Chamartín,18.388855162033455,
112523993,670000.0,011,01,False,False,False,False,False,False,False,80.0,2,1,383250.5,1.558745921449614,597390.1537685253,0.0025264030793100585,1509.2483240303118,False,False,False,False,False,Centro,18.93916135071505,1.1215451004229462
111442999,235000.0,124,12,False,False,False,False,False,False,False,56.0,2,1,122326.33,2.1163779954207427,258888.7491043675,0.0033276079654937316,861.4802636964015,False,False,False,False,False,Usera,12.133975348497685,0.9077258120060788
112523873,1190000.0,083,08,False,False,True,True,False,False,False,266.0,7,5,,1.7429699856269538,,0.002544812508122545,,True,False,False,False,True,Fuencarral-El Pardo,14.689461217858332,
112523845,780000.0,052,05,False,False,False,False,False,False,False,119.0,2,2,,1.6700715368729793,,0.0023384882833218804,,False,False,False,True,True,Chamartín,18.388855162033455,
112359577,200000.0,133,13,False,False,False,False,False,False,False,60.0,2,1,,1.9202233418203836,,0.0039677952095912425,,False,False,True,False,True,Puente de Vallecas,12.472694485501155,
112523819,980000.0,015,01,False,False,False,False,False,False,False,125.0,4,2,586242.6,1.558745921449614,913803.3006986656,0.0025264030793100585,2308.635472768804,False,False,False,False,False,Centro,18.93916135071505,1.0724408625474677
112523591,2290000.0,075,07,False,False,False,False,False,False,False,221.0,4,3,1.0327671e+06,1.6853880807988142,1740613.402715859,0.002278740199336892,3966.4057322732024,False,False,False,False,False,Chamberí,19.980022301161203,1.3156281552393767
112522975,310000.0,061,06,False,False,False,False,False,False,False,45.0,1,1,193067.86,1.7497591043844554,337822.24470542395,0.002978418922071256,1006.176165927221,False,False,False,False,False,Tetuán,17.333396740317067,0.9176423543994726
112523627,275000.0,171,17,False,False,False,False,False,False,False,105.0,3,1,136399.44,1.8762264489989775,255916.23226608298,0.003970041979091452,1015.9981852272678,False,False,False,False,False,Villaverde,11.18548597247867,1.0745703684558592
111191037,831000.0,043,04,False,False,False,False,False,False,False,100.0,2,1,421372.53,1.8766123722225168,790752.9054584691,0.0019512838033895418,1542.9833369043322,False,False,False,False,False,Salamanca,19.77461679945292,1.0508971819941606
112523600,204700.0,175,17,False,False,False,False,False,False,False,57.0,3,1,106994.4,1.8762264489989775,200745.72024317237,0.003970041979091452,796.9689364883429,False,False,False,False,False,Villaverde,11.18548597247867,1.019697952972734
112523592,229000.0,012,01,False,False,False,False,False,False,False,27.0,2,1,121441.195,1.558745921449614,189295.96788932534,0.0025264030793100585,478.2379161765695,False,False,False,False,False,Centro,18.93916135071505,1.2097457888479073
112523574,698000.0,166,16,False,False,False,False,False,False,False,137.0,3,2,586373.5,1.6317102565250337,956791.6541044818,0.0027028857740617703,2586.098550620034,False,False,False,False,False,Hortaleza,14.589315759435864,0.7295214135759782
112519203,1095000.0,161,16,False,False,False,False,False,False,False,211.0,5,3,748678.9,1.6317102565250337,1221626.9991811237,0.0027028857740617703,3301.918237296429,False,False,False,False,False,Hortaleza,14.589315759435864,0.8963456118225909
112523392,366000.0,121,12,False,False,False,False,False,False,False,154.0,4,2,230044.27,2.1163779954207427,486860.6217414744,0.0033276079654937316,1620.0812829921608,False,False,False,False,False,Usera,12.133975348497685,0.7517551916415782
112523506,585000.0,012,01,False,False,False,False,False,False,False,94.0,2,2,466917.12,1.558745921449614,727805.1642487296,0.0025264030793100585,1838.7292080957534,False,False,False,False,False,Centro,18.93916135071505,0.8037865471920099
112523402,718000.0,096,09,False,False,True,True,False,False,True,263.0,5,4,,1.656751140660718,,0.002672415723312596,,True,False,False,True,True,Moncloa-Aravaca,16.62527833062531,
112411054,189000.0,104,10,False,False,False,False,False,False,False,21.0,1,1,46180.027,1.7849419266048585,82428.66697761817,0.0033382982791760833,275.17147712616116,False,False,False,False,False,Latina,12.533999733511337,2.2928916229024923
112523298,199900.0,114,11,False,False,False,False,False,False,False,76.0,2,1,122720.92,1.7981544007307437,220671.16573126503,0.0035925100380566725,792.7633779992373,False,False,False,False,False,Carabanchel,12.78708937513325,0.9058727692744402
112523197,340000.0,164,16,False,False,False,False,False,False,False,76.0,2,1,186407.48,1.6317102565250337,304163.00414771744,0.0027028857740617703,822.1178569067567,False,False,False,False,False,Hortaleza,14.589315759435864,1.117821679045747
111169270,400000.0,045,04,False,False,False,False,False,False,False,45.0,1,1,208378.22,1.8766123722225168,391045.14340794,0.0019512838033895418,763.040054726054,False,False,False,False,False,Salamanca,19.77461679945292,1.0228998026008427
112522969,460000.0,135,13,False,False,False,False,False,False,False,143.0,4,2,198297.7,1.9202233418203836,380775.8781699938,0.0039677952095912425,1510.8407053308,False,False,False,False,False,Puente de Vallecas,12.472694485501155,1.2080597179914778
112523111,640000.0,166,16,False,False,False,False,False,False,False,105.0,2,2,477711.75,1.6317102565250337,779487.1621375227,0.0027028857740617703,2106.864761605291,False,False,False,False,False,Hortaleza,14.589315759435864,0.8210526498537594
109753830,199900.0,104,10,False,False,False,False,False,False,False,84.0,3,1,148666.89,1.7849419266048585,265361.76617454126,0.0033382982791760833,885.8567273795973,False,False,False,False,False,Latina,12.533999733511337,0.7533112357584932
112522931,429000.0,091,09,False,False,False,False,False,False,False,62.0,4,1,,1.656751140660718,,0.002672415723312596,,False,False,False,True,True,Moncloa-Aravaca,16.62527833062531,
112522937,465000.0,022,02,False,False,True,False,False,False,False,47.0,1,1,212428.73,1.7568265401631447,373200.4384432669,0.0026432108289031436,986.4474402446441,False,False,False,False,False,Arganzuela,17.153551573714722,1.2459792435926846
112522585,895000.0,015,01,False,False,False,False,False,False,False,107.0,4,2,504122.16,1.558745921449614,785798.3549670725,0.0025264030793100585,1985.2433837055903,False,False,False,False,False,Centro,18.93916135071505,1.1389690425573662
112522706,800000.0,016,01,False,False,False,False,False,False,False,107.0,2,2,482412.16,1.558745921449614,751957.9810124014,0.0025264030793100585,1899.7489587415055,False,False,False,False,False,Centro,18.93916135071505,1.0638892334421626
112522475,249000.0,134,13,False,False,False,False,False,False,False,60.0,3,1,90694.445,1.9202233418203836,174153.59086251477,0.0039677952095912425,691.0057835573992,False,False,False,False,False,Puente de Vallecas,12.472694485501155,1.4297724139180834
112522579,530000.0,163,16,False,False,False,False,False,False,False,112.0,3,2,359417.12,1.6317102565250337,586464.6092332401,0.0027028857740617703,1585.14684928722,False,False,False,False,False,Hortaleza,14.589315759435864,0.90372034672806
112522242,420000.0,072,07,False,False,False,False,False,False,False,54.0,2,1,300285.34,1.6853880807988142,506097.3391948247,0.002278740199336892,1153.2643516006856,False,False,False,False,False,Chamberí,19.980022301161203,0.8298798817401387
112522457,1350000.0,035,03,False,False,False,False,False,False,False,128.0,4,2,519351.0,1.7929648066474984,931178.0652971849,0.0021651669060346315,2016.1559306068198,False,False,False,False,False,Retiro,17.253540940727106,1.4497764179713022
112522467,640000.0,165,16,False,False,False,False,False,False,False,105.0,2,2,369425.97,1.6317102565250337,602796.1422360715,0.0027028857740617703,1629.2891175091931,False,False,False,False,False,Hortaleza,14.589315759435864,1.0617188053425837
112522262,665000.0,191,19,False,False,False,False,False,True,False,207.0,3,2,504032.75,2.2581962284331665,1138204.8550567972,0.00280125738018172,3188.404750386518,False,False,False,False,False,Vicálvaro,11.870342778520444,0.5842533503925496
112522438,533000.0,191,19,False,False,False,False,False,True,False,106.0,3,2,284515.47,2.2581962284331665,642491.7584621444,0.00280125738018172,1799.784780098013,False,False,False,False,False,Vicálvaro,11.870342778520444,0.8295826257379212
112522302,700000.0,012,01,False,False,False,False,False,False,False,126.0,3,2,586080.0,1.558745921449614,913549.8096431898,0.0025264030793100585,2307.995052185672,False,False,False,False,False,Centro,18.93916135071505,0.7662417446875752
109461578,229000.0,206,20,False,False,False,False,False,False,False,52.0,1,1,154274.98,1.6143479514531922,249053.5049862545,0.0037236887617743825,927.397737597836,False,False,False,False,False,San Blas-Canillejas,13.614999673585043,0.9194811372465476
112522044,1300000.0,073,07,False,False,False,False,False,False,False,152.0,3,3,734268.2,1.6853880807988142,1237526.8513222488,0.002278740199336892,2820.0021838668176,False,False,False,False,False,Chamberí,19.980022301161203,1.0504822571009276
108618565,830000.0,045,04,False,False,False,False,False,False,False,84.0,3,2,498171.97,1.8766123722225168,934875.680050699,0.0019512838033895418,1824.2077726657124,False,False,False,False,False,Salamanca,19.77461679945292,0.8878185813486863
112522051,285000.0,159,15,False,False,False,False,False,False,False,51.0,2,2,181524.66,1.7410339116420641,316040.5823304186,0.002871857299515261,907.6234533086664,False,False,False,False,False,Ciudad Lineal,14.266652704537027,0.9017829226185711
112011962,1570000.0,095,09,False,False,False,False,False,False,False,162.0,4,3,,1.656751140660718,,0.002672415723312596,,False,False,True,False,True,Moncloa-Aravaca,16.62527833062531,
112522027,1495000.0,042,04,False,False,False,False,False,False,False,118.0,2,2,737978.3,1.8766123722225168,1384899.2316693948,0.0019512838033895418,2702.331440083111,False,False,False,False,False,Salamanca,19.77461679945292,1.0795009238310334
112521922,230000.0,146,14,False,False,False,False,False,False,False,73.0,3,1,,1.8348473926211004,,0.002978326446711814,,False,False,False,True,True,Moratalaz,12.68696586656589,
110453928,895000.0,033,03,False,False,False,False,False,False,False,155.0,3,3,568546.75,1.7929648066474984,1019384.3136838136,0.0021651669060346315,2207.137180519019,False,False,False,False,False,Retiro,17.253540940727106,0.8779809420116363
112083056,112000.0,132,13,False,False,False,False,False,False,False,53.0,1,1,114555.08,1.9202233418203836,219971.33493968262,0.0039677952095912425,872.8012090210634,False,False,False,False,False,Puente de Vallecas,12.472694485501155,0.5091572501058423
112066421,698000.0,014,01,False,False,False,False,False,False,False,83.0,2,2,529523.06,1.558745921449614,825391.913985384,0.0025264030793100585,2085.2726731302973,False,False,False,False,False,Centro,18.93916135071505,0.8456588781318739
112082786,490000.0,044,04,False,False,True,False,False,False,False,57.0,2,1,251861.27,1.8766123722225168,472645.96715549665,0.0019512838033895418,922.266420447906,False,False,False,False,False,Salamanca,19.77461679945292,1.0367167691050965
112082704,319000.0,025,02,False,False,False,False,False,False,False,45.0,2,1,168511.02,1.7568265401631447,296044.62455984636,0.0026432108289031436,782.5083574751515,False,False,False,False,False,Arganzuela,17.153551573714722,1.0775402541906758
112038891,3000000.0,041,04,False,False,False,False,False,False,True,224.0,4,5,,1.8766123722225168,,0.0019512838033895418,,False,False,True,False,True,Salamanca,19.77461679945292,
112080535,470000.0,071,07,False,False,False,False,False,False,False,70.0,3,1,301360.3,1.6853880807988142,507909.0787133059,0.002278740199336892,1157.392835272176,False,False,False,False,False,Chamberí,19.980022301161203,0.9253624707608268
112081460,650000.0,104,10,True,False,False,False,False,False,False,153.0,4,2,341968.28,1.7849419266048585,610393.5227721271,0.0033382982791760833,2037.6756466904192,False,False,False,False,False,Latina,12.533999733511337,1.0648867914718336
110692586,148900.0,136,13,False,False,False,False,False,False,False,45.0,3,1,99954.55,1.9202233418203836,191935.0540304547,0.0039677952095912425,761.5589879346744,False,False,False,False,False,Puente de Vallecas,12.472694485501155,0.7757832499756598
112080835,885000.0,042,04,False,False,False,False,False,False,False,90.0,2,3,538019.4,1.8766123722225168,1009653.8156204259,0.0019512838033895418,1970.1211374505876,False,False,False,False,False,Salamanca,19.77461679945292,0.8765380631540258
112080877,319000.0,123,12,False,False,False,False,False,False,False,92.0,3,1,162554.94,2.1163779954207427,344027.6927719941,0.0033276079654937316,1144.7892908185179,False,False,False,False,False,Usera,12.133975348497685,0.9272509356141242
112080651,165000.0,126,12,False,False,False,False,False,False,False,70.0,1,1,117745.03,2.1163779954207427,249192.9932076277,0.0033276079654937316,829.2165891429273,False,False,False,False,False,Usera,12.133975348497685,0.6621373975090942
112080625,129000.0,115,11,False,False,False,False,False,False,False,65.0,3,1,,1.7981544007307437,,0.0035925100380566725,,False,False,False,True,True,Carabanchel,12.78708937513325,
112080555,269000.0,135,13,False,False,False,False,False,False,False,69.0,3,1,,1.9202233418203836,,0.0039677952095912425,,False,False,True,False,True,Puente de Vallecas,12.472694485501155,
112065473,850000.0,086,08,False,False,False,False,False,False,False,166.0,3,2,511522.6,1.7429699856269538,891568.5278762997,0.002544812508122545,2268.874741588011,False,False,False,False,False,Fuencarral-El Pardo,14.689461217858332,0.9533759586878698
112080440,279000.0,171,17,False,False,False,False,False,False,False,92.0,4,1,142307.86,1.8762264489989775,267001.7696598021,0.003970041979091452,1060.0082340411207,False,False,False,False,False,Villaverde,11.18548597247867,1.0449368944463753
112080431,298000.0,012,01,False,False,False,False,False,False,False,47.0,2,1,220097.33,1.558745921449614,343075.81253680115,0.0025264030793100585,866.7477892297748,False,False,False,False,False,Centro,18.93916135071505,0.8686126771703967
112080285,280000.0,151,15,False,False,False,False,False,False,False,70.0,3,1,171743.0,1.7410339116420641,299010.387087143,0.002871857299515261,858.7151627870954,False,False,False,False,False,Ciudad Lineal,14.266652704537027,0.9364223187283368
112080213,1385000.0,041,04,False,False,False,False,False,False,True,106.0,2,2,919388.44,1.8766123722225168,1725335.716690828,0.0019512838033895418,3366.6196393883,False,False,False,False,False,Salamanca,19.77461679945292,0.8027423223211377
109912860,1195000.0,055,05,False,False,False,False,False,False,False,127.0,3,2,657512.44,1.6700715368729793,1098092.8070087237,0.0023384882833218804,2567.8771631899353,False,False,False,False,False,Chamartín,18.388855162033455,1.0882504578599852
112079938,348990.0,152,15,False,False,False,False,False,False,False,86.0,4,1,176170.92,1.7410339116420641,306719.54922961973,0.002871857299515261,880.8547763591139,False,False,False,False,False,Ciudad Lineal,14.266652704537027,1.1378146612322233
112080026,1490000.0,042,04,False,False,False,False,False,False,False,164.0,3,2,899133.0,1.8766123722225168,1687324.1120735481,0.0019512838033895418,3292.4482109577543,False,False,False,False,False,Salamanca,19.77461679945292,0.8830550036820981
112070179,1490000.0,075,07,False,False,False,False,False,False,False,158.0,3,3,832169.75,1.6853880807988142,1402528.977851329,0.002278740199336892,3195.999162564705,False,False,False,False,False,Chamberí,19.980022301161203,1.0623666416380761
112079889,259000.0,207,20,False,False,False,False,False,False,False,65.0,3,1,131322.39,1.6143479514531922,212000.03228540465,0.0037236887617743825,789.4221377169675,False,False,False,False,False,San Blas-Canillejas,13.614999673585043,1.221697927155604
112079526,1275000.0,073,07,False,False,False,False,False,False,False,118.0,3,2,705378.94,1.6853880807988142,1188837.2537090317,0.002278740199336892,2709.0512404960423,False,False,False,False,False,Chamberí,19.980022301161203,1.072476485761319
112079389,429900.0,012,01,False,False,False,False,False,False,False,57.0,2,1,236962.86,1.558745921449614,369364.89058581967,0.0025264030793100585,933.1645969650376,False,False,False,False,False,Centro,18.93916135071505,1.163889722485996
112079505,890000.0,088,08,False,False,False,False,False,False,False,127.0,3,2,544840.75,1.7429699856269538,949641.0741964787,0.002544812508122545,2416.6584838421286,False,False,False,False,False,Fuencarral-El Pardo,14.689461217858332,0.9371961935756171
112079752,1550000.0,014,01,False,False,False,False,False,False,False,222.0,4,4,1.2981514e+06,1.558745921449614,2023488.1612054585,0.0025264030793100585,5112.146721416918,False,False,False,False,False,Centro,18.93916135071505,0.7660039874296146
112075891,831000.0,085,08,False,False,False,False,False,False,True,145.0,3,2,533764.2,1.7429699856269538,930334.9582150577,0.002544812508122545,2367.528038409344,False,False,False,False,False,Fuencarral-El Pardo,14.689461217858332,0.8932266735352588
112017656,239000.0,114,11,False,False,False,False,False,False,False,47.0,2,1,95952.336,1.7981544007307437,172537.11512641032,0.0035925100380566725,619.8413180289689,False,False,False,False,False,Carabanchel,12.78708937513325,1.38520920455228
112079370,1130000.0,042,04,False,False,False,False,False,False,False,148.0,3,2,861200.8,1.8766123722225168,1616140.0997055839,0.0019512838033895418,3153.548000563865,False,False,False,False,False,Salamanca,19.77461679945292,0.6991968086218855
112079408,193000.0,111,11,False,False,False,False,False,False,False,42.0,2,1,,1.7981544007307437,,0.0035925100380566725,,False,False,True,False,True,Carabanchel,12.78708937513325,
111942509,500000.0,065,06,False,False,False,False,False,False,False,70.0,1,1,268731.8,1.7497591043844554,470215.93555961136,0.002978418922071256,1400.500039930185,False,False,False,False,False,Tetuán,17.333396740317067,1.063341248537105
112079236,1290000.0,013,01,False,False,False,False,False,False,False,192.0,3,2,1.0309318e+06,1.558745921449614,1606960.7580270332,0.0025264030793100585,4059.8306074099223,False,False,False,False,False,Centro,18.93916135071505,0.8027576240155448
112056526,1550000.0,034,03,False,False,False,False,False,False,False,112.0,2,2,690063.4,1.7929648066474984,1237259.345731395,0.0021651669060346315,2678.872989559677,False,False,False,False,False,Retiro,17.253540940727106,1.2527688761031188
112078632,385000.0,152,15,False,False,False,False,False,False,False,89.0,3,1,176106.58,1.7410339116420641,306607.52457886754,0.002871857299515261,880.5330575481255,False,False,False,False,False,Ciudad Lineal,14.266652704537027,1.2556769457266461
112078241,245000.0,026,02,False,False,False,False,False,False,False,45.0,1,1,182720.98,1.7568265401631447,321009.0747947353,0.0026432108289031436,848.4946626736235,False,False,False,False,False,Arganzuela,17.153551573714722,0.7632182989115238
112078696,239900.0,114,11,False,False,False,False,False,False,False,61.0,2,1,124685.84,1.7981544007307437,224204.3986478884,0.0035925100380566725,805.4565527189989,False,False,False,False,False,Carabanchel,12.78708937513325,1.0700057690516656
112078682,360000.0,154,15,False,False,False,False,False,False,False,62.0,3,1,191848.22,1.7410339116420641,334014.2547318749,0.002871857299515261,959.2412755938848,False,False,False,False,False,Ciudad Lineal,14.266652704537027,1.0777983121977377
112078545,465000.0,155,15,False,False,False,False,False,False,False,83.0,3,1,272468.0,1.7410339116420641,474376.0278372899,0.002871857299515261,1362.3402582595756,False,False,False,False,False,Ciudad Lineal,14.266652704537027,0.9802350302564069
111824833,2180000.0,073,07,False,False,False,False,False,False,False,217.0,5,3,1.1979632e+06,1.6853880807988142,2019032.98278501,0.002278740199336892,4600.851621659273,False,False,False,False,False,Chamberí,19.980022301161203,1.0797248081569006
112078336,450000.0,064,06,False,False,False,False,False,False,False,199.0,3,4,443754.0,1.7497591043844554,776462.6016070197,0.002978418922071256,2312.630904907023,False,False,False,False,False,Tetuán,17.333396740317067,0.579551415700704
91556126,800000.0,201,20,False,False,False,False,False,False,False,154.0,4,3,492270.44,1.6143479514531922,794695.7723390916,0.0037236887617743825,2959.199716488689,False,False,False,False,False,San Blas-Canillejas,13.614999673585043,1.0066745386669116
112078206,950000.0,033,03,False,False,False,False,False,False,False,169.0,4,2,595695.6,1.7929648066474984,1068061.2910988857,0.0021651669060346315,2312.5309611039283,False,False,False,False,False,Retiro,17.253540940727106,0.8894620635699501
112078153,1550000.0,051,05,False,False,False,False,False,False,False,182.0,4,3,1.0893484e+06,1.6700715368729793,1819289.7148263326,0.0023384882833218804,4254.387682089384,False,False,False,False,False,Chamartín,18.388855162033455,0.8519808513005095
112078080,265000.0,125,12,False,False,False,False,False,False,False,80.0,3,1,151812.5,2.1163779954207427,321292.6344298115,0.0033276079654937316,1069.1359295831064,False,False,False,False,False,Usera,12.133975348497685,0.8247932619752943
112073481,965000.0,022,02,False,False,False,False,False,False,False,180.0,4,2,687818.94,1.7568265401631447,1208378.5642268152,0.0026432108289031436,3193.999306378751,False,False,False,False,False,Arganzuela,17.153551573714722,0.7985907964342766
112077211,699000.0,052,05,False,False,False,False,False,False,False,76.0,2,1,336016.7,1.6700715368729793,561171.9057080926,0.0023384882833218804,1312.2939264277857,False,False,False,False,False,Chamartín,18.388855162033455,1.2456076166500076
112073779,5100000.0,046,04,False,False,False,False,False,False,True,305.0,4,5,2.2148652e+06,1.8766123722225168,4156443.5309557174,0.0019512838033895418,8110.400941657129,False,False,False,False,False,Salamanca,19.77461679945292,1.2270105348519735
112076925,259000.0,012,01,False,False,False,False,False,False,False,43.0,0,1,203614.42,1.558745921449614,317383.1496459773,0.0025264030793100585,801.8377665867222,False,False,False,False,False,Centro,18.93916135071505,0.8160483639062113
111959512,9000000.0,096,09,False,False,True,True,False,False,True,819.0,7,8,,1.656751140660718,,0.002672415723312596,,True,True,False,False,True,Moncloa-Aravaca,16.62527833062531,
111959508,1295000.0,162,16,False,False,False,False,False,False,False,202.0,3,4,1.0797038e+06,1.6317102565250337,1761763.6828835409,0.0027028857740617703,4761.845995724595,False,False,False,False,False,Hortaleza,14.589315759435864,0.7350588575423622
111959475,290000.0,135,13,False,False,False,False,False,False,False,70.0,3,1,124997.66,1.9202233418203836,240023.41720409057,0.0039677952095912425,952.3637649721107,False,False,False,False,False,Puente de Vallecas,12.472694485501155,1.2082154457180094
111959387,539900.0,207,20,False,False,False,False,False,False,False,114.0,3,2,262053.19,1.6143479514531922,423045.02641240426,0.0037236887617743825,1575.2880105764166,False,False,False,False,False,San Blas-Canillejas,13.614999673585043,1.2762234899168392
111959241,1290000.0,042,04,False,False,False,False,False,False,False,122.0,2,2,563856.06,1.8766123722225168,1058139.2630401726,0.0019512838033895418,2064.7300057008347,False,False,False,False,False,Salamanca,19.77461679945292,1.2191211923217564
111959244,330000.0,031,03,False,False,False,False,False,False,False,53.0,2,1,,1.7929648066474984,,0.0021651669060346315,,False,False,True,False,True,Retiro,17.253540940727106,
111959005,1990000.0,053,05,False,False,False,False,False,False,False,182.0,3,3,745858.25,1.6700715368729793,1245636.6338668908,0.0023384882833218804,2912.9066735742313,False,False,False,False,False,Chamartín,18.388855162033455,1.5975766494779025
111959018,189000.0,102,10,True,False,False,False,False,False,False,71.0,2,1,,1.7849419266048585,,0.0033382982791760833,,False,False,False,True,True,Latina,12.533999733511337,
111959008,330000.0,151,15,False,False,False,False,False,False,False,60.0,3,1,165727.53,1.7410339116420641,288537.25199896994,0.002871857299515261,828.6378133353161,False,False,False,False,False,Ciudad Lineal,14.266652704537027,1.1436998089978971
111958829,725000.0,015,01,False,False,False,False,False,False,False,125.0,2,2,493733.6,1.558745921449614,769605.2255404731,0.0025264030793100585,1944.3330116585635,False,False,False,False,False,Centro,18.93916135071505,0.9420414206398506
111958846,1750000.0,074,07,False,False,False,False,False,False,False,133.0,2,2,,1.6853880807988142,,0.002278740199336892,,False,False,True,False,True,Chamberí,19.980022301161203,
111958739,325000.0,166,16,False,False,False,False,False,False,False,72.0,1,1,241642.97,1.6317102565250337,394291.31052653317,0.0027028857740617703,1065.7243740583385,False,False,False,False,False,Hortaleza,14.589315759435864,0.82426366324431
111958506,1400000.0,073,07,False,False,False,False,False,False,False,119.0,2,3,815472.7,1.6853880807988142,1374387.9477294763,0.002278740199336892,3131.8730659752887,False,False,False,False,False,Chamberí,19.980022301161203,1.0186352421911409
111958375,103000.0,132,13,False,False,False,False,False,False,False,60.0,1,1,,1.9202233418203836,,0.0039677952095912425,,False,False,False,True,True,Puente de Vallecas,12.472694485501155,
110623308,135000.0,171,17,False,False,False,False,False,False,False,38.0,1,1,67289.41,1.8762264489989775,126250.16374368711,0.003970041979091452,501.2184499296074,False,False,False,False,False,Villaverde,11.18548597247867,1.069305543825486
111958393,1449000.0,087,08,False,False,True,True,False,False,False,270.0,6,6,,1.7429699856269538,,0.002544812508122545,,True,False,False,False,True,Fuencarral-El Pardo,14.689461217858332,
111958080,173000.0,136,13,False,False,False,False,False,False,False,97.0,3,1,,1.9202233418203836,,0.0039677952095912425,,False,False,False,True,True,Puente de Vallecas,12.472694485501155,
111957936,361000.0,024,02,False,False,False,False,False,False,False,65.0,2,1,248878.36,1.7568265401631447,437236.107022261,0.0026432108289031436,1155.7072128686941,False,False,False,False,False,Arganzuela,17.153551573714722,0.8256408704636564
111957647,330000.0,014,01,False,False,False,False,False,False,False,40.0,2,1,194583.58,1.558745921449614,303306.3587834161,0.0025264030793100585,766.2741188047438,False,False,False,False,False,Centro,18.93916135071505,1.0880088413696767
111957938,475000.0,022,02,False,False,False,False,False,False,False,62.0,3,1,,1.7568265401631447,,0.0026432108289031436,,False,False,True,False,True,Arganzuela,17.153551573714722,
111957909,225000.0,104,10,False,False,False,False,False,False,False,64.0,2,1,,1.7849419266048585,,0.0033382982791760833,,False,False,False,True,True,Latina,12.533999733511337,
110415721,1100000.0,011,01,False,False,False,False,False,False,False,143.0,3,2,602468.56,1.558745921449614,939095.4145984869,0.0025264030793100585,2372.533547207573,False,False,False,False,False,Centro,18.93916135071505,1.1713399755767187
111957712,1899000.0,034,03,False,False,False,False,False,False,False,128.0,3,2,690632.2,1.7929648066474984,1238279.2065254764,0.0021651669060346315,2681.0811583997843,False,False,False,False,False,Retiro,17.253540940727106,1.5335798178574436
111956986,1368000.0,035,03,False,False,False,False,False,False,False,149.0,4,3,748406.94,1.7929648066474984,1341867.2999883338,0.0021651669060346315,2905.3666702247856,False,False,False,False,False,Retiro,17.253540940727106,1.0194748765484436
111957566,320000.0,011,01,False,False,False,False,False,False,False,66.0,2,1,,1.558745921449614,,0.0025264030793100585,,False,False,True,False,True,Centro,18.93916135071505,
39897545,330000.0,013,01,False,False,False,False,False,False,False,70.0,2,2,336905.84,1.558745921449614,525150.6098578534,0.0025264030793100585,1326.742117846436,False,False,False,False,False,Centro,18.93916135071505,0.6283911582799526
111957131,449000.0,102,10,False,False,False,False,False,False,False,93.0,4,1,308664.28,1.7849419266048585,550947.8168484789,0.0033382982791760833,1839.2281489010968,False,False,False,False,False,Latina,12.533999733511337,0.8149592144104703
111856876,550000.0,085,08,False,False,False,False,False,False,False,107.0,3,2,276825.56,1.7429699856269538,482498.6466917984,0.002544812508122545,1227.8685912534893,False,False,False,False,False,Fuencarral-El Pardo,14.689461217858332,1.1398995702288857
111954906,419900.0,152,15,False,False,False,False,False,False,False,90.0,3,1,206068.6,1.7410339116420641,358772.4098431419,0.002871857299515261,1030.3431640727079,False,False,False,False,False,Ciudad Lineal,14.266652704537027,1.17037985218424
111935276,675000.0,071,07,False,False,False,False,False,False,False,73.0,2,1,461753.8,1.6853880807988142,778234.3718509105,0.002278740199336892,1773.3939476423648,False,False,False,False,False,Chamberí,19.980022301161203,0.8673479666473951
111574105,389000.0,083,08,False,False,False,False,False,False,False,65.0,2,1,173640.89,1.7429699856269538,302650.8606369077,0.002544812508122545,770.1896957428559,False,False,False,False,False,Fuencarral-El Pardo,14.689461217858332,1.2853094129036229
111956754,370000.0,012,01,False,False,False,False,False,False,False,110.0,2,1,355570.72,1.558745921449614,554244.4076384703,0.0025264030793100585,1400.2447781482106,False,False,False,False,False,Centro,18.93916135071505,0.6675755224603879
111956684,750000.0,051,05,False,False,False,False,False,False,False,116.0,2,1,633811.7,1.6700715368729793,1058510.8590311815,0.0023384882833218804,2475.3152416133967,False,False,False,False,False,Chamartín,18.388855162033455,0.7085425658140617
111956069,559000.0,061,06,False,False,False,False,False,False,False,85.0,3,2,352959.8,1.7497591043844554,617594.6454037053,0.002978418922071256,1839.4555780402836,False,False,False,False,False,Tetuán,17.333396740317067,0.9051244277459635
111838148,610000.0,071,07,True,False,False,False,False,False,False,73.0,2,1,405070.03,1.6853880807988142,682700.2025575532,0.002278740199336892,1555.6963956633354,False,False,False,False,False,Chamberí,19.980022301161203,0.893510793925062
111952656,218000.0,115,11,False,False,False,False,False,False,False,64.0,2,1,113326.32,1.7981544007307437,203778.22158854376,0.0035925100380566725,732.0753065941803,False,False,False,False,False,Carabanchel,12.78708937513325,1.0697904727040555
111956216,1595000.0,035,03,False,False,False,False,False,False,False,115.0,2,2,666821.06,1.7929648066474984,1195586.697393792,0.0021651669060346315,2588.64475049228,False,False,False,False,False,Retiro,17.253540940727106,1.3340730567485168
111956188,239000.0,175,17,False,False,False,False,False,False,False,63.0,3,1,105956.52,1.8762264489989775,198798.43171741755,0.003970041979091452,789.2381192956932,False,False,False,False,False,Villaverde,11.18548597247867,1.2022227637073468
111956132,5500000.0,162,16,False,False,True,True,False,False,False,900.0,6,6,,1.6317102565250337,,0.0027028857740617703,,True,True,False,False,True,Hortaleza,14.589315759435864,
111956192,119000.0,012,01,False,False,True,False,False,False,True,19.0,1,1,,1.558745921449614,,0.0025264030793100585,,False,False,True,False,True,Centro,18.93916135071505,
111956065,156000.0,107,10,False,False,False,False,False,False,False,79.0,3,1,,1.7849419266048585,,0.0033382982791760833,,False,False,False,True,True,Latina,12.533999733511337,
108433338,171000.0,114,11,False,False,False,False,False,False,False,87.0,2,1,,1.7981544007307437,,0.0035925100380566725,,False,False,False,True,True,Carabanchel,12.78708937513325,
111955897,330000.0,173,17,False,False,False,False,False,False,False,95.0,3,2,197043.7,1.8762264489989775,369698.6074118275,0.003970041979091452,1467.7189910366053,False,False,False,False,False,Villaverde,11.18548597247867,0.892618996620658
111955729,1525000.0,042,04,False,False,False,False,False,False,False,114.0,3,2,595410.44,1.8766123722225168,1117354.5935629215,0.0019512838033895418,2180.275921062233,False,False,False,False,False,Salamanca,19.77461679945292,1.3648308323834915
111906279,195000.0,174,17,False,False,False,False,False,False,False,68.0,2,1,,1.8762264489989775,,0.003970041979091452,,False,False,True,False,True,Villaverde,11.18548597247867,
111955169,580000.0,075,07,False,False,False,False,False,False,False,89.0,4,1,432291.7,1.6853880807988142,728579.2575409057,0.002278740199336892,1660.2428425614883,False,False,False,False,False,Chamberí,19.980022301161203,0.7960698770887479
111947824,495000.0,116,11,False,False,False,False,False,False,False,138.0,3,2,329772.84,1.7981544007307437,592982.4902305545,0.0035925100380566725,2130.29554854511,False,False,False,False,False,Carabanchel,12.78708937513325,0.834763265619431
111955196,339000.0,182,18,False,False,False,False,False,False,False,97.0,3,2,,1.6182350367229232,,0.003663662094203605,,False,False,True,False,True,Villa de Vallecas,12.693274684369012,
111954452,218000.0,207,20,False,False,False,False,False,False,False,49.0,0,1,101654.945,1.6143479514531922,164106.45272032067,0.0037236887617743825,611.0813537293171,False,False,False,False,False,San Blas-Canillejas,13.614999673585043,1.3284060217396065
111950589,310000.0,155,15,False,False,False,False,False,False,False,50.0,2,1,133345.39,1.7410339116420641,232158.8470392828,0.002871857299515261,666.7270795168112,False,False,False,False,False,Ciudad Lineal,14.266652704537027,1.3352926410232644
111795490,249000.0,012,01,False,False,False,False,False,False,False,50.0,1,1,,1.558745921449614,,0.0025264030793100585,,False,False,True,False,True,Centro,18.93916135071505,
111795220,880000.0,014,01,False,False,False,False,False,False,False,115.0,3,1,663425.56,1.558745921449614,1034111.889732291,0.0025264030793100585,2612.5834625708035,False,False,False,False,False,Centro,18.93916135071505,0.8509717456471879
110441682,1650000.0,016,01,True,False,False,False,False,False,False,215.0,9,3,,1.558745921449614,,0.0025264030793100585,,False,False,True,False,True,Centro,18.93916135071505,
111795303,1115000.0,015,01,False,False,False,False,False,False,False,130.0,3,2,628623.3,1.558745921449614,979864.0244875212,0.0025264030793100585,2475.53148877042,False,False,False,False,False,Centro,18.93916135071505,1.1379129880629675
111793362,860000.0,166,16,False,False,False,False,False,False,False,123.0,2,2,448793.47,1.6317102565250337,732300.9060208221,0.0027028857740617703,1979.3257012162255,False,False,False,False,False,Hortaleza,14.589315759435864,1.1743806308708116
111795181,324900.0,114,11,False,False,False,False,False,False,False,90.0,3,1,160331.89,1.7981544007307437,288301.494704824,0.0035925100380566725,1035.7260137138228,False,False,False,False,False,Carabanchel,12.78708937513325,1.1269452499115455
111697938,725000.0,055,05,False,False,False,False,False,False,False,90.0,2,1,,1.6700715368729793,,0.0023384882833218804,,False,False,True,False,True,Chamartín,18.388855162033455,
111795105,2380000.0,042,04,False,False,True,False,False,False,False,254.0,5,4,1.1160592e+06,1.8766123722225168,2094410.596683383,0.0019512838033895418,4086.7894749557113,False,False,False,False,False,Salamanca,19.77461679945292,1.1363578869247815
111794823,297000.0,104,10,False,False,False,False,False,False,False,66.0,3,1,119801.76,1.7849419266048585,213839.18040049242,0.0033382982791760833,713.8589679513879,False,False,False,False,False,Latina,12.533999733511337,1.3888942122007688
111794971,995000.0,042,04,False,False,False,False,False,False,False,113.0,3,2,680328.4,1.8766123722225168,1276712.64569904,0.0019512838033895418,2491.2287071351475,False,False,False,False,False,Salamanca,19.77461679945292,0.7793453000970366
111794922,570000.0,011,01,False,False,False,False,False,False,False,62.0,1,1,321346.9,1.558745921449614,500898.179487639,0.0025264030793100585,1265.4707030783736,False,False,False,False,False,Centro,18.93916135071505,1.137955822844164
111794633,229000.0,174,17,False,False,False,False,False,False,False,71.0,3,1,108203.586,1.8762264489989775,203014.42981247132,0.003970041979091452,805.9758087168262,False,False,False,False,False,Villaverde,11.18548597247867,1.127998636409895
111794225,1095000.0,014,01,False,False,False,False,False,False,False,98.0,2,1,579960.56,1.558745921449614,904011.1613984989,0.0025264030793100585,2283.89658188783,False,False,False,False,False,Centro,18.93916135071505,1.2112682306997655
111794028,1330000.0,045,04,False,False,True,False,False,False,False,89.0,2,2,508706.34,1.8766123722225168,954644.6185093306,0.0019512838033895418,1862.7825820902447,False,False,False,False,False,Salamanca,19.77461679945292,1.3931886004624252
111793858,365000.0,013,01,False,False,False,False,False,False,False,36.0,0,1,242548.95,1.558745921449614,378072.19143546734,0.0025264030793100585,955.1627486440666,False,False,False,False,False,Centro,18.93916135071505,0.9654240863739945
111793790,510000.0,053,05,False,False,False,False,False,False,False,56.0,2,1,201577.8,1.6700715368729793,336649.3410265005,0.0023384882833218804,787.2505395785034,False,False,False,False,False,Chamartín,18.388855162033455,1.5149294468984378
111793694,309900.0,153,15,False,False,False,False,False,False,False,70.0,2,1,143221.84,1.7410339116420641,249354.086856651,0.002871857299515261,716.1093545032355,False,False,False,False,False,Ciudad Lineal,14.266652704537027,1.2428109918172534
111793541,294900.0,153,15,False,False,False,False,False,False,False,55.0,2,1,137840.62,1.7410339116420641,239985.2025269369,0.002871857299515261,689.2032556526319,False,False,False,False,False,Ciudad Lineal,14.266652704537027,1.228825764650632
111792917,265000.0,206,20,False,False,False,False,False,False,False,60.0,1,1,160604.89,1.6143479514531922,259272.17617383273,0.0037236887617743825,965.4488886592887,False,False,False,False,False,San Blas-Canillejas,13.614999673585043,1.0220919340852332
111779909,1590000.0,063,06,False,False,False,False,False,False,False,252.0,4,4,1.3717542e+06,1.7497591043844554,2400239.4879155704,0.002978418922071256,7148.918708310357,False,False,False,False,False,Tetuán,17.333396740317067,0.6624338979527401
111793173,1950000.0,054,05,False,False,False,False,False,False,False,260.0,4,4,,1.6700715368729793,,0.0023384882833218804,,False,False,True,False,True,Chamartín,18.388855162033455,
111792926,899000.0,073,07,False,False,False,False,False,False,False,101.0,2,2,555515.2,1.6853880807988142,936258.6757152184,0.002278740199336892,2133.4902813301915,False,False,False,False,False,Chamberí,19.980022301161203,0.9602047204670695
111792834,1100000.0,092,09,False,False,False,False,False,False,False,125.0,3,2,643177.3,1.656751140660718,1065584.7461314702,0.002672415723312596,2847.6854300838017,False,False,False,False,False,Moncloa-Aravaca,16.62527833062531,1.0322970594253267
111763078,250000.0,012,01,False,False,False,False,False,False,False,35.0,0,1,195209.39,1.558745921449614,304281.84146538324,0.0025264030793100585,768.7385812562793,False,False,False,False,False,Centro,18.93916135071505,0.8216067011952843
111792747,1090000.0,013,01,False,False,False,False,False,False,False,118.0,2,2,622288.7,1.558745921449614,969989.9536048584,0.0025264030793100585,2450.585605687135,False,False,False,False,False,Centro,18.93916135071505,1.1237229787268805
111190378,850000.0,031,03,False,False,False,False,False,False,False,146.0,3,2,500466.72,1.7929648066474984,897319.2136171017,0.0021651669060346315,1942.8458654727685,False,False,False,False,False,Retiro,17.253540940727106,0.947266019829936
111792626,318000.0,134,13,False,False,True,True,False,False,False,98.0,3,4,,1.9202233418203836,,0.0039677952095912425,,True,False,False,False,True,Puente de Vallecas,12.472694485501155,
111792407,699000.0,012,01,False,False,False,False,False,False,False,119.0,3,1,507762.62,1.558745921449614,791472.9207832998,0.0025264030793100585,1999.5796242574547,False,False,False,False,False,Centro,18.93916135071505,0.8831635064762774
111792328,479000.0,163,16,False,False,False,False,False,False,False,117.0,3,1,317486.25,1.6317102565250337,518045.570430671,0.0027028857740617703,1400.2180026327756,False,False,False,False,False,Hortaleza,14.589315759435864,0.9246290815724746
111791440,1495000.0,042,04,False,False,False,False,False,False,False,130.0,3,3,762866.6,1.8766123722225168,1431604.9468306352,0.0019512838033895418,2793.4675456029645,False,False,False,False,False,Salamanca,19.77461679945292,1.044282504967388
111785137,190000.0,174,17,False,False,False,False,False,False,False,62.0,3,1,108008.31,1.8762264489989775,202648.05262424686,0.003970041979091452,804.5212758993937,False,False,False,False,False,Villaverde,11.18548597247867,0.9375861131629077
111765290,1135000.0,014,01,False,False,False,False,False,False,False,153.0,3,3,1.02355606e+06,1.558745921449614,1595463.8377969011,0.0025264030793100585,4030.7847527379345,False,False,False,False,False,Centro,18.93916135071505,0.7113918680646919
111781372,4750000.0,046,04,False,False,False,False,False,False,True,450.0,6,7,,1.8766123722225168,,0.0019512838033895418,,False,True,False,False,True,Salamanca,19.77461679945292,
111705022,315500.0,131,13,False,False,False,False,False,False,False,54.0,1,1,121441.086,1.9202233418203836,233194.00787320264,0.0039677952095912425,925.2660673446759,False,False,False,False,False,Puente de Vallecas,12.472694485501155,1.3529507163475254
111759409,895000.0,061,06,False,False,False,False,False,False,False,125.0,4,2,509982.88,1.7497591043844554,892347.1786114096,0.002978418922071256,2657.7837218331215,False,False,False,False,False,Tetuán,17.333396740317067,1.002972857932625
111735243,299000.0,131,13,False,False,False,False,False,False,False,73.0,2,1,142663.19,1.9202233418203836,273945.182655998,0.0039677952095912425,1086.9583834330667,False,False,False,False,False,Puente de Vallecas,12.472694485501155,1.0914592368483595
111784685,885000.0,062,06,False,False,False,False,False,False,False,88.0,2,2,416918.38,1.7497591043844554,729506.7224414225,0.002978418922071256,2172.7766258977167,False,False,False,False,False,Tetuán,17.333396740317067,1.2131485190954676
111790374,1560000.0,046,04,False,False,False,False,False,False,True,194.0,2,2,700842.06,1.8766123722225168,1315208.8854614464,0.0019512838033895418,2566.345796274931,False,False,False,False,False,Salamanca,19.77461679945292,1.1861233734386365
111789766,480000.0,071,07,False,False,False,False,False,False,False,57.0,2,1,302188.3,1.6853880807988142,509304.58004420734,0.002278740199336892,1160.572820253129,False,False,False,False,False,Chamberí,19.980022301161203,0.9424615815517235
111790983,795000.0,063,06,False,False,False,False,False,False,False,120.0,3,1,615194.9,1.7497591043844554,1076442.833501907,0.002978418922071256,3206.097703830079,False,False,False,False,False,Tetuán,17.333396740317067,0.7385436320976645
111791474,345000.0,025,02,False,False,False,False,False,False,False,53.0,2,1,171663.92,1.7568265401631447,301583.7339384926,0.0026432108289031436,797.1493913672682,False,False,False,False,False,Arganzuela,17.153551573714722,1.1439609009893155
111791301,120000.0,136,13,False,False,True,False,False,False,False,23.0,1,1,65042.54,1.9202233418203836,124896.20171907659,0.0039677952095912425,495.5625508770936,False,False,False,False,False,Puente de Vallecas,12.472694485501155,0.9607978333072978
111789485,890000.0,045,04,False,False,False,False,False,False,False,81.0,1,1,485422.97,1.8766123722225168,910950.7489172341,0.0019512838033895418,1777.523442047772,False,False,False,False,False,Salamanca,19.77461679945292,0.9770012276271397
111790673,1380000.0,097,09,False,False,True,True,False,False,False,380.0,5,5,,1.656751140660718,,0.002672415723312596,,True,True,False,False,True,Moncloa-Aravaca,16.62527833062531,
111790577,447000.0,054,05,False,False,False,False,False,False,False,53.0,1,1,346404.38,1.6700715368729793,578520.0869357738,0.0023384882833218804,1352.8624449656627,False,False,False,False,False,Chamartín,18.388855162033455,0.7726611574847964
111790512,329000.0,164,16,False,False,False,False,False,False,False,58.0,2,1,155497.58,1.6317102565250337,253726.9930913652,0.0027028857740617703,685.7950801221201,False,False,False,False,False,Hortaleza,14.589315759435864,1.2966692900566932
111790033,550000.0,076,07,False,False,False,False,False,False,False,90.0,3,1,439859.2,1.6853880807988142,741333.4318423508,0.002278740199336892,1689.3062922515405,False,False,False,False,False,Chamberí,19.980022301161203,0.74190637623498
111789894,349000.0,208,20,False,False,True,False,False,False,False,52.0,1,1,178496.42,1.6143479514531922,288155.33299563103,0.0037236887617743825,1073.0007751211863,False,False,False,False,False,San Blas-Canillejas,13.614999673585043,1.211152319729205
111789926,650000.0,011,01,False,False,False,False,False,False,False,90.0,4,2,421260.44,1.558745921449614,656637.988821205,0.0025264030793100585,1658.9322369498561,False,False,False,False,False,Centro,18.93916135071505,0.9898909461008775
105577763,260000.0,076,07,False,False,False,False,False,False,False,36.0,1,1,205550.64,1.6853880807988142,346432.59970993554,0.002278740199336892,789.4298913198163,False,False,False,False,False,Chamberí,19.980022301161203,0.7505067370036634
111706465,670000.0,034,03,False,False,True,False,False,False,False,87.0,3,2,469783.72,1.7929648066474984,842305.6744547365,0.0021651669060346315,1823.7323710945755,False,False,False,False,False,Retiro,17.253540940727106,0.7954356955195891
110658912,1300000.0,015,01,False,False,False,False,False,False,False,127.0,3,2,705587.5,1.558745921449614,1099831.6378508294,0.0025264030793100585,2778.6180365889604,False,False,False,False,False,Centro,18.93916135071505,1.181999094461692
34194936,3450000.0,051,05,False,False,False,False,False,False,False,327.0,4,5,2.446723e+06,1.6700715368729793,4086202.4409124665,0.0023384882833218804,9555.536531355072,False,False,False,False,False,Chamartín,18.388855162033455,0.8443047181063306
111705708,130000.0,135,13,False,False,False,False,False,False,False,30.0,1,1,63676.074,1.9202233418203836,122272.28403033089,0.0039677952095912425,485.15138284132667,False,False,False,False,False,Puente de Vallecas,12.472694485501155,1.06320088015819
111705465,720000.0,201,20,False,False,False,False,False,False,False,148.0,2,2,434117.78,1.6143479514531922,700817.1508503425,0.0037236887617743825,2609.6249486801626,False,False,False,False,False,San Blas-Canillejas,13.614999673585043,1.0273721171440822
111705391,120000.0,113,11,False,False,True,False,False,False,False,55.0,1,1,,1.7981544007307437,,0.0035925100380566725,,False,False,True,False,True,Carabanchel,12.78708937513325,
111705308,293000.0,191,19,False,False,False,False,False,False,False,85.0,3,1,,2.2581962284331665,,0.00280125738018172,,False,False,False,True,True,Vicálvaro,11.870342778520444,
109790797,550000.0,013,01,False,False,False,False,False,False,False,66.0,2,1,365426.12,1.558745921449614,569606.4819348868,0.0025264030793100585,1439.0555699552672,False,False,False,False,False,Centro,18.93916135071505,0.9655788995443207
111704800,4200000.0,074,07,False,False,False,False,False,False,False,311.0,3,3,2.2757125e+06,1.6853880807988142,3835458.7228248715,0.002278740199336892,8740.013974598369,False,False,False,False,False,Chamberí,19.980022301161203,1.0950450268192793
111704886,130000.0,065,06,False,False,False,False,False,False,False,30.0,1,1,101501.69,1.7497591043844554,177603.50181351087,0.002978418922071256,528.9776304274775,False,False,False,False,False,Tetuán,17.333396740317067,0.7319675494715413
111692230,1580000.0,095,09,False,False,False,False,False,False,False,190.0,4,5,1.0796121e+06,1.656751140660718,1788648.6195648918,0.002672415723312596,4780.012694406587,False,False,False,False,False,Moncloa-Aravaca,16.62527833062531,0.8833484580019704
111624930,5490000.0,095,09,False,False,True,True,False,False,False,856.0,7,9,,1.656751140660718,,0.002672415723312596,,True,True,False,False,True,Moncloa-Aravaca,16.62527833062531,
111656881,2700000.0,093,09,False,False,True,True,False,False,False,393.0,5,4,,1.656751140660718,,0.002672415723312596,,True,True,False,False,True,Moncloa-Aravaca,16.62527833062531,
106095210,634016.0,097,09,False,False,False,False,False,False,False,152.0,1,1,339764.94,1.656751140660718,562905.9477596426,0.002672415723312596,1504.3187055390476,False,False,False,False,False,Moncloa-Aravaca,16.62527833062531,1.1263267025750472
111704532,318000.0,164,16,False,False,False,False,False,False,False,65.0,2,1,156383.47,1.6317102565250337,255172.50991033707,0.0027028857740617703,689.7021469682862,False,False,False,False,False,Hortaleza,14.589315759435864,1.2462157467970956
111704286,280000.0,132,13,False,False,False,False,False,False,False,62.0,1,1,157057.1,1.9202233418203836,301584.69741722225,0.0039677952095912425,1196.6263176980788,False,False,False,False,False,Puente de Vallecas,12.472694485501155,0.9284290695049382
111704017,1290000.0,166,16,False,False,False,False,False,True,False,224.0,4,3,817027.3,1.6317102565250337,1333151.8456673338,0.0027028857740617703,3603.3571583184294,False,False,False,False,False,Hortaleza,14.589315759435864,0.9676317099154348
111704003,725000.0,166,16,False,False,False,False,False,True,False,86.0,2,2,433719.66,1.6317102565250337,707704.811559637,0.0027028857740617703,1912.8452673996087,False,False,False,False,False,Hortaleza,14.589315759435864,1.0244384214404987
111704269,299000.0,066,06,False,False,False,False,False,False,False,62.0,3,1,191655.28,1.7497591043844554,335350.5732705509,0.002978418922071256,998.8144929564521,False,False,False,False,False,Tetuán,17.333396740317067,0.8916042608305775
111704136,699000.0,071,07,False,False,False,False,False,False,False,85.0,3,1,344035.3,1.6853880807988142,579833.0150613952,0.002278740199336892,1321.2888003231149,False,False,False,False,False,Chamberí,19.980022301161203,1.2055194889618124
111703800,295000.0,124,12,False,False,False,False,False,False,False,103.0,3,1,164068.94,2.1163779954207427,347231.8890570611,0.0033276079654937316,1155.4515998997122,False,False,False,False,False,Usera,12.133975348497685,0.8495763473830085
111693580,420000.0,024,02,False,False,False,False,False,False,False,79.0,1,1,,1.7568265401631447,,0.0026432108289031436,,False,False,False,True,True,Arganzuela,17.153551573714722,
111703608,235000.0,134,13,False,False,False,False,False,False,False,63.0,3,1,106104.266,1.9202233418203836,203743.88751983515,0.0039677952095912425,808.4140208846989,False,False,False,False,False,Puente de Vallecas,12.472694485501155,1.153408835281608
111545830,590000.0,026,02,False,False,False,False,False,False,False,49.0,5,2,284104.94,1.7568265401631447,499123.09439139144,0.0026432108289031436,1319.2875680509717,False,False,False,False,False,Arganzuela,17.153551573714722,1.1820731331204377
111592318,1320000.0,092,09,False,False,False,False,False,False,False,180.0,4,2,763462.0,1.656751140660718,1264866.5393511131,0.002672415723312596,3380.249227653905,False,False,False,False,False,Moncloa-Aravaca,16.62527833062531,1.0435883620395008
110667266,370000.0,011,01,False,False,False,False,False,False,False,70.0,3,1,,1.558745921449614,,0.0025264030793100585,,False,False,True,False,True,Centro,18.93916135071505,
111702925,345000.0,191,19,False,False,False,False,False,False,False,77.0,3,1,137215.25,2.2581962284331665,309858.9600335141,0.00280125738018172,867.9946986093139,False,False,False,False,False,Vicálvaro,11.870342778520444,1.1134097912246432
111703163,200000.0,172,17,False,False,False,False,False,False,False,66.0,3,1,85915.53,1.8762264489989775,161196.9921110482,0.003970041979091452,639.958825584135,False,False,False,False,False,Villaverde,11.18548597247867,1.2407179400855104
110799473,235000.0,183,18,False,False,False,False,False,False,False,60.0,1,1,151310.06,1.6182350367229232,244855.2445462353,0.003663662094203605,897.0668780109962,False,False,False,False,False,Villa de Vallecas,12.693274684369012,0.9597507312351059
111702888,295000.0,112,11,False,False,False,False,False,False,False,80.0,3,1,190362.33,1.7981544007307437,342300.85805131856,0.0035925100380566725,1229.719268584774,False,False,False,False,False,Carabanchel,12.78708937513325,0.8618149591543615
111702910,1090000.0,043,04,False,False,False,False,False,False,False,126.0,3,2,553742.75,1.8766123722225168,1039160.4956785201,0.0019512838033895418,2027.6970443397443,False,False,False,False,False,Salamanca,19.77461679945292,1.0489236306931435
109530513,995000.0,042,04,False,False,False,False,False,False,False,98.0,2,3,532272.8,1.8766123722225168,998869.7453351759,0.0019512838033895418,1949.078355768365,False,False,False,False,False,Salamanca,19.77461679945292,0.9961258759180084
111699426,2600000.0,034,03,False,False,False,False,False,False,False,185.0,3,4,1.0814546e+06,1.7929648066474984,1939010.0826111678,0.0021651669060346315,4198.280461337177,False,False,False,False,False,Retiro,17.253540940727106,1.340890397278755
111699318,1420000.0,092,09,False,False,False,False,False,False,False,159.0,3,4,1.0123666e+06,1.656751140660718,1677239.5607355915,0.002672415723312596,4482.281373871707,False,False,False,False,False,Moncloa-Aravaca,16.62527833062531,0.8466292074444195
111698803,299000.0,066,06,False,False,True,False,False,False,False,55.0,3,1,178915.17,1.7497591043844554,313058.4509007909,0.002978418922071256,932.419213877231,False,False,False,False,False,Tetuán,17.333396740317067,0.9550932074814167
111698811,299000.0,094,09,False,False,True,False,False,False,False,55.0,3,1,156713.11,1.656751140660718,259634.62271351911,0.002672415723312596,693.8516480559422,False,False,False,False,False,Moncloa-Aravaca,16.62527833062531,1.1516183661295305
111392929,285300.0,131,13,False,False,True,False,False,False,False,90.0,3,2,158360.31,1.9202233418203836,304087.16848047025,0.0039677952095912425,1206.555610394975,False,False,False,False,False,Puente de Vallecas,12.472694485501155,0.9382178190077861
111392602,285300.0,132,13,False,False,True,False,False,False,False,90.0,3,2,143699.34,1.9202233418203836,275934.8340730211,0.0039677952095912425,1094.8529127942875,False,False,False,False,False,Puente de Vallecas,12.472694485501155,1.0339397740718035
111594805,475000.0,106,10,False,False,False,False,False,False,False,143.0,2,2,311194.97,1.7849419266048585,555464.9470703638,0.0033382982791760833,1854.3076769476297,False,False,False,False,False,Latina,12.533999733511337,0.8551394692054783
111643809,370000.0,012,01,False,False,False,False,False,False,False,71.0,2,1,248560.27,1.558745921449614,387442.30027740146,0.0025264030793100585,978.8354204757994,False,False,False,False,False,Centro,18.93916135071505,0.9549809087316664
111697335,975000.0,159,15,False,False,False,False,False,False,False,163.0,4,3,621010.56,1.7410339116420641,1081200.4488004136,0.002871857299515261,3105.053401126644,False,False,False,False,False,Ciudad Lineal,14.266652704537027,0.9017754303392655
111655452,599000.0,053,05,False,False,False,False,False,False,False,83.0,3,1,298049.66,1.6700715368729793,497764.24747790064,0.0023384882833218804,1164.0158605836034,False,False,False,False,False,Chamartín,18.388855162033455,1.2033809238711826
111696678,449000.0,183,18,False,False,False,False,False,False,False,119.0,4,2,324570.03,1.6182350367229232,525230.5964390041,0.003663662094203605,1924.26742688953,False,False,False,False,False,Villa de Vallecas,12.693274684369012,0.8548626128107584
111697424,799000.0,021,02,False,False,False,False,False,False,False,102.0,3,1,,1.7568265401631447,,0.0026432108289031436,,False,False,True,False,True,Arganzuela,17.153551573714722,
111695722,296000.0,143,14,False,False,False,False,False,False,False,64.0,3,1,157980.8,1.8348473926211004,289870.65323029744,0.002978326446711814,863.3294326414242,False,False,False,False,False,Moratalaz,12.68696586656589,1.021145109728762
111693421,815000.0,043,04,False,False,False,False,False,False,False,77.0,2,2,389115.06,1.8766123722225168,730218.1405056379,0.0019512838033895418,1424.8628305098798,False,False,False,False,False,Salamanca,19.77461679945292,1.1161048388029022
111694287,570000.0,095,09,False,False,False,False,False,False,False,82.0,1,1,379636.34,1.656751140660718,628962.945544077,0.002672415723312596,1680.8504650529953,False,False,False,False,False,Moncloa-Aravaca,16.62527833062531,0.9062537054657938
111697140,799000.0,013,01,False,False,False,False,False,False,False,136.0,3,4,813008.0,1.558745921449614,1267272.9041059078,0.0025264030793100585,3201.642167259366,False,False,False,False,False,Centro,18.93916135071505,0.6304877169008156
111655080,550000.0,031,03,False,False,False,False,False,False,False,84.0,3,1,305843.97,1.7929648066474984,548367.4722941472,0.0021651669060346315,1187.3071033571503,False,False,False,False,False,Retiro,17.253540940727106,1.002977068823982
111433769,2000000.0,044,04,False,False,False,False,False,False,False,260.0,4,4,1.0659774e+06,1.8766123722225168,2000426.3304342814,0.0019512838033895418,3903.399498450389,False,False,False,False,False,Salamanca,19.77461679945292,0.9997868802125851
111633047,269500.0,015,01,False,False,False,False,False,False,False,50.0,2,1,259473.86,1.558745921449614,404453.82002357196,0.0025264030793100585,1021.8133763462683,False,False,False,False,False,Centro,18.93916135071505,0.6663307073828436
110948752,370000.0,061,06,False,False,False,False,False,False,False,93.0,4,1,325500.34,1.7497591043844554,569547.1899568323,0.002978418922071256,1696.3501275799415,False,False,False,False,False,Tetuán,17.333396740317067,0.6496388824744151
111632848,1300000.0,045,04,False,False,False,False,False,False,False,115.0,2,3,687954.1,1.8766123722225168,1291023.2224965158,0.0019512838033895418,2519.152703857224,False,False,False,False,False,Salamanca,19.77461679945292,1.0069532269807862
111632628,301000.0,173,17,False,False,False,False,False,False,False,134.0,3,2,,1.8762264489989775,,0.003970041979091452,,False,False,False,True,True,Villaverde,11.18548597247867,
111632580,128500.0,172,17,False,False,False,False,False,False,False,60.0,2,1,,1.8762264489989775,,0.003970041979091452,,False,False,False,True,True,Villaverde,11.18548597247867,
111632120,730000.0,076,07,False,False,False,False,False,False,False,102.0,3,1,468222.3,1.6853880807988142,789136.3046515576,0.002278740199336892,1798.2366201656687,False,False,False,False,False,Chamberí,19.980022301161203,0.9250619895409967
111631400,610000.0,042,04,False,False,False,False,False,False,False,50.0,2,1,305573.47,1.8766123722225168,573442.9520792005,0.0019512838033895418,1118.9499445600293,False,False,False,False,False,Salamanca,19.77461679945292,1.063750104152907
111629387,990000.0,063,06,False,False,False,False,False,False,False,169.0,4,2,,1.7497591043844554,,0.002978418922071256,,False,False,True,False,True,Tetuán,17.333396740317067,
111630881,980000.0,022,02,False,False,False,False,False,False,False,97.0,3,2,545059.0,1.7568265401631447,957574.1171547835,0.0026432108289031436,2531.070275940891,False,False,False,False,False,Arganzuela,17.153551573714722,1.023419474736692
111630383,1200000.0,025,02,False,False,False,False,False,False,False,201.0,4,3,781402.94,1.7568265401631447,1372789.419161443,0.0026432108289031436,3628.5718585311824,False,False,False,False,False,Arganzuela,17.153551573714722,0.8741326114918704
111630263,470000.0,075,07,False,False,False,False,False,False,False,54.0,1,1,268667.25,1.6853880807988142,452808.5808509952,0.002278740199336892,1031.833115789852,False,False,False,False,False,Chamberí,19.980022301161203,1.0379661955979185
111630063,297900.0,175,17,False,False,False,False,False,False,False,90.0,3,1,,1.8762264489989775,,0.003970041979091452,,False,False,False,True,True,Villaverde,11.18548597247867,
111630207,1700000.0,055,05,False,False,False,False,False,False,False,178.0,4,3,915845.2,1.6700715368729793,1529526.9798258469,0.0023384882833218804,3576.780921347445,False,False,False,False,False,Chamartín,18.388855162033455,1.1114547323601727
111630052,700000.0,015,01,False,False,False,False,False,False,False,106.0,3,2,431982.2,1.558745921449614,673350.4729045074,0.0025264030793100585,1701.1547082008317,False,False,False,False,False,Centro,18.93916135071505,1.0395774981497221
111629752,169000.0,132,13,False,False,False,False,False,False,False,48.0,2,1,94722.73,1.9202233418203836,181888.79054618216,0.0039677952095912425,721.6974718074864,False,False,False,False,False,Puente de Vallecas,12.472694485501155,0.9291391706576351
110857186,1100000.0,013,01,False,False,False,False,False,False,False,82.0,1,1,,1.558745921449614,,0.0025264030793100585,,False,False,True,False,True,Centro,18.93916135071505,
111584402,529000.0,154,15,False,False,False,False,False,False,False,79.0,3,2,243763.84,1.7410339116420641,424401.11840096745,0.002871857299515261,1218.819449802259,False,False,False,False,False,Ciudad Lineal,14.266652704537027,1.2464623137496287
111249952,219990.0,152,15,False,False,False,False,False,False,False,58.0,2,1,,1.7410339116420641,,0.002871857299515261,,False,False,False,True,True,Ciudad Lineal,14.266652704537027,
111629402,2690000.0,075,07,False,False,False,False,False,False,False,355.0,5,4,1.6560926e+06,1.6853880807988142,2791158.7708738204,0.002278740199336892,6360.3256939219245,False,False,False,False,False,Chamberí,19.980022301161203,0.9637574286603012
111623837,740000.0,042,04,False,False,False,False,False,False,False,75.0,2,1,395843.25,1.8766123722225168,742844.3404107707,0.0019512838033895418,1449.5001298831241,False,False,False,False,False,Salamanca,19.77461679945292,0.9961710142272904
111629518,2450000.0,041,04,False,False,False,False,False,False,True,202.0,2,2,1.6529088e+06,1.8766123722225168,3101869.010404855,0.0019512838033895418,6052.62676023894,False,False,False,False,False,Salamanca,19.77461679945292,0.7898463770654928
111629149,1590000.0,014,01,False,False,False,False,False,False,False,104.0,2,2,678347.2,1.558745921449614,1057370.9118424417,0.0025264030793100585,2671.345127651629,False,False,False,False,False,Centro,18.93916135071505,1.5037296583367004
111629197,377100.0,174,17,False,False,False,False,False,True,False,103.0,3,2,261762.2,1.8762264489989775,491125.1688513678,0.003970041979091452,1949.7875373283075,False,False,False,False,False,Villaverde,11.18548597247867,0.7678287001294452
111629190,378100.0,174,17,False,False,False,False,False,True,False,103.0,3,2,270135.53,1.8762264489989775,506835.4285456398,0.003970041979091452,2012.1579278169959,False,False,False,False,False,Villaverde,11.18548597247867,0.7460015198324926
111629189,359700.0,174,17,False,False,False,False,False,True,False,103.0,3,2,255637.78,1.8762264489989775,479634.3665446649,0.003970041979091452,1904.1685697972562,False,False,False,False,False,Villaverde,11.18548597247867,0.749946261339269
111629188,358700.0,174,17,False,False,False,False,False,True,False,103.0,3,2,254414.17,1.8762264489989775,477338.5982720468,0.003970041979091452,1895.054273380696,False,False,False,False,False,Villaverde,11.18548597247867,0.7514581919385623
111629165,375100.0,174,17,False,False,False,False,False,True,False,103.0,3,2,263484.34,1.8762264489989775,494356.29464088846,0.003970041979091452,1962.6152423524297,False,False,False,False,False,Villaverde,11.18548597247867,0.7587644863963573
111629107,348000.0,174,17,False,False,False,False,False,True,False,92.0,2,2,241178.84,1.8762264489989775,452506.12558274175,0.003970041979091452,1796.468314359513,False,False,False,False,False,Villaverde,11.18548597247867,0.769050362692532
111628828,279900.0,125,12,False,False,False,False,False,False,False,71.0,2,1,142869.33,2.1163779954207427,302365.5022642958,0.0033276079654937316,1006.1538538251838,False,False,False,False,False,Usera,12.133975348497685,0.9257008418749475
111628905,698000.0,062,06,False,False,False,False,False,True,False,76.0,2,2,450823.8,1.7497591043844554,788833.0703951856,0.002978418922071256,2349.475343220588,False,False,False,False,False,Tetuán,17.333396740317067,0.8848513407916829
111628783,228000.0,151,15,False,False,False,False,False,False,False,53.0,1,1,,1.7410339116420641,,0.002871857299515261,,False,False,False,True,True,Ciudad Lineal,14.266652704537027,
111628665,350000.0,152,15,False,False,False,False,False,False,False,70.0,3,2,156158.44,1.7410339116420641,271877.1352765378,0.002871857299515261,780.7923355152232,False,False,False,False,False,Ciudad Lineal,14.266652704537027,1.2873462111626273
110743197,998000.0,015,01,False,False,False,False,False,False,False,84.0,2,2,477837.97,1.558745921449614,744827.9849028306,0.0025264030793100585,1881.735714614817,False,False,False,False,False,Centro,18.93916135071505,1.3399066901738366
111628588,399000.0,084,08,False,False,False,False,False,False,False,62.0,2,2,205172.27,1.7429699856269538,357609.1008674558,0.002544812508122545,910.0481129059584,False,False,False,False,False,Fuencarral-El Pardo,14.689461217858332,1.1157434165745275
111625830,1025000.0,074,07,False,False,False,False,False,False,False,84.0,2,2,515089.22,1.6853880807988142,868125.2298292231,0.002278740199336892,1978.2318592704291,False,False,False,False,False,Chamberí,19.980022301161203,1.1807052309741501
111628479,510000.0,191,19,False,False,False,False,False,True,False,115.0,3,2,318741.28,2.2581962284331665,719780.3591647052,0.00280125738018172,2016.2900432199795,False,False,False,False,False,Vicálvaro,11.870342778520444,0.708549481110943
111628438,454000.0,191,19,False,False,False,False,False,True,False,88.0,2,2,229474.98,2.2581962284331665,518199.5442353848,0.00280125738018172,1451.6102976961754,False,False,False,False,False,Vicálvaro,11.870342778520444,0.87611038074124
111627992,270000.0,066,06,False,False,True,False,False,False,False,49.0,1,1,199904.6,1.7497591043844554,349784.8829223384,0.002978418922071256,1041.8059139503716,False,False,False,False,False,Tetuán,17.333396740317067,0.7719029986208616
111627911,275000.0,102,10,False,False,False,False,False,False,False,72.0,3,1,157515.2,1.7849419266048585,281155.4901354931,0.0033382982791760833,938.5808889002249,False,False,False,False,False,Latina,12.533999733511337,0.9781064558528568
111534879,560000.0,053,05,False,False,False,False,False,False,False,81.0,3,1,303406.3,1.6700715368729793,506710.2466138384,0.0023384882833218804,1184.9359747456017,False,False,False,False,False,Chamartín,18.388855162033455,1.105168099011768
111625426,680000.0,143,14,False,False,False,False,False,False,False,140.0,4,2,360166.8,1.8348473926211004,660851.1368242778,0.002978326446711814,1968.2304181433142,False,False,False,False,False,Moratalaz,12.68696586656589,1.02897606148904
111627819,1095000.0,083,08,False,False,True,True,False,False,False,351.0,5,4,,1.7429699856269538,,0.002544812508122545,,True,False,True,False,True,Fuencarral-El Pardo,14.689461217858332,
111627329,599000.0,111,11,False,False,False,False,False,False,False,99.0,2,2,303799.8,1.7981544007307437,546278.9697880498,0.0035925100380566725,1962.5126825428267,False,False,False,False,False,Carabanchel,12.78708937513325,1.096509353512923
111625127,2895000.0,097,09,False,False,True,True,False,False,False,644.0,6,5,,1.656751140660718,,0.002672415723312596,,True,True,False,False,True,Moncloa-Aravaca,16.62527833062531,
111627080,2409000.0,042,04,False,False,False,False,False,False,False,193.0,3,3,1.1260104e+06,1.8766123722225168,2113085.0009759157,0.0019512838033895418,4123.228537589678,False,False,False,False,False,Salamanca,19.77461679945292,1.1400393258612018
111626885,610000.0,062,06,False,False,False,False,False,False,False,88.0,2,1,373113.56,1.7497591043844554,652858.8529536935,0.002978418922071256,1944.4871610790165,False,False,False,False,False,Tetuán,17.333396740317067,0.9343520383314257
111626824,3499000.0,046,04,False,False,False,False,False,False,True,293.0,5,6,2.0811915e+06,1.8766123722225168,3905589.717864338,0.0019512838033895418,7620.913959153412,False,False,False,False,False,Salamanca,19.77461679945292,0.8958954352003288
111626578,590000.0,031,03,False,False,False,False,False,False,False,60.0,1,1,293756.44,1.7929648066474984,526694.9541636454,0.0021651669060346315,1140.3824843305522,False,False,False,False,False,Retiro,17.253540940727106,1.1201929985011505
111204787,1190000.0,062,06,False,False,False,False,False,False,False,116.0,3,2,553170.06,1.7497591043844554,967914.3531322932,0.002978418922071256,2882.854424313582,False,False,False,False,False,Tetuán,17.333396740317067,1.2294476222498505
111626411,295000.0,025,02,False,False,False,False,False,False,False,45.0,2,1,123378.08,1.7568265401631447,216753.8821243219,0.0026432108289031436,572.9262084378032,False,False,False,False,False,Arganzuela,17.153551573714722,1.3609906180632974
111570981,2750000.0,093,09,False,False,False,False,False,False,False,279.0,4,5,1.1442641e+06,1.656751140660718,1895760.8943108884,0.002672415723312596,5066.261221597567,False,False,False,False,False,Moncloa-Aravaca,16.62527833062531,1.4506048775732494
111534125,1600000.0,072,07,False,False,False,False,False,False,False,191.0,4,3,866350.94,1.6853880807988142,1460137.5438513784,0.002278740199336892,3327.27411773517,False,False,False,False,False,Chamberí,19.980022301161203,1.095787178911727
111570549,375000.0,014,01,False,False,False,False,False,False,False,40.0,2,1,269256.2,1.558745921449614,419701.98409069754,0.0025264030793100585,1060.3363849992795,False,False,False,False,False,Centro,18.93916135071505,0.8934911299322391
111540296,930000.0,015,01,False,False,False,False,False,False,False,111.0,4,2,505727.1,1.558745921449614,788300.044749379,0.0025264030793100585,1991.5636604750882,False,False,False,False,False,Centro,18.93916135071505,1.1797538338281726
111345606,749000.0,166,16,False,False,False,False,False,False,False,148.0,3,2,505459.97,1.6317102565250337,824764.215272198,0.0027028857740617703,2229.243464414443,False,False,False,False,False,Hortaleza,14.589315759435864,0.908138333514878
111570322,489000.0,105,10,False,False,False,False,False,False,False,142.0,4,2,369246.66,1.7849419266048585,659083.8379992769,0.0033382982791760833,2200.2184422257546,False,False,False,False,False,Latina,12.533999733511337,0.7419389944144503
111570336,185000.0,202,20,False,False,False,False,False,False,False,50.0,2,1,94394.484,1.6143479514531922,152385.5424792616,0.0037236887617743825,567.4363319869192,False,False,False,False,False,San Blas-Canillejas,13.614999673585043,1.2140259304794412
111570254,199000.0,171,17,False,False,False,False,False,False,False,71.0,2,1,104923.44,1.8762264489989775,196860.12855739114,0.003970041979091452,781.5429743821827,False,False,False,False,False,Villaverde,11.18548597247867,1.0108700093731018
111542260,994000.0,085,08,False,False,False,False,False,False,False,168.0,4,3,631121.6,1.7429699856269538,1100026.0496551096,0.002544812508122545,2799.360050422955,False,False,False,False,False,Fuencarral-El Pardo,14.689461217858332,0.9036149646743803
111563588,650000.0,011,01,False,False,False,False,False,False,False,78.0,1,1,397956.1,1.558745921449614,620312.4380488327,0.0025264030793100585,1567.159253620901,False,False,False,False,False,Centro,18.93916135071505,1.0478590467161166
111564079,650000.0,011,01,False,False,False,False,False,False,False,78.0,1,1,397956.1,1.558745921449614,620312.4380488327,0.0025264030793100585,1567.159253620901,False,False,False,False,False,Centro,18.93916135071505,1.0478590467161166
111569807,519000.0,205,20,False,False,False,False,False,False,False,107.0,3,2,281081.44,1.6143479514531922,453763.24281964346,0.0037236887617743825,1689.6730877938066,False,False,False,False,False,San Blas-Canillejas,13.614999673585043,1.1437682716982127
111569064,540000.0,011,01,False,False,False,False,False,False,False,93.0,3,1,364811.2,1.558745921449614,568647.9506148153,0.0025264030793100585,1436.6339334766235,False,False,False,False,False,Centro,18.93916135071505,0.9496209375522385
111568855,1550000.0,041,04,False,False,False,False,False,False,True,120.0,3,2,864535.25,1.8766123722225168,1622397.5463724865,0.0019512838033895418,3165.758054895566,False,False,False,False,False,Salamanca,19.77461679945292,0.9553761983094957
111550537,159000.0,182,18,False,False,False,False,False,False,False,45.0,2,2,132422.69,1.6182350367229232,214291.0325695107,0.003663662094203605,785.0899331526664,False,False,False,False,False,Villa de Vallecas,12.693274684369012,0.7419815850130096
111566306,245000.0,171,17,False,False,False,False,False,False,False,85.0,3,1,120161.84,1.8762264489989775,225450.82940423247,0.003970041979091452,895.0492569557883,False,False,False,False,False,Villaverde,11.18548597247867,1.0867114600883367
111566150,205000.0,134,13,False,False,False,False,False,False,False,62.0,2,1,91666.96,1.9202233418203836,176021.0380659248,0.0039677952095912425,698.4154316252542,False,False,False,False,False,Puente de Vallecas,12.472694485501155,1.1646335134282173
111560480,269900.0,174,17,False,False,False,False,False,False,False,84.0,3,1,124937.36,1.8762264489989775,234410.77812746537,0.003970041979091452,930.6206295175298,False,False,False,False,False,Villaverde,11.18548597247867,1.1513975686443765
111559651,1150000.0,071,07,False,False,False,False,False,False,False,123.0,2,2,609132.1,1.6853880807988142,1026624.0231066534,0.002278740199336892,2339.409431058097,False,False,False,False,False,Chamberí,19.980022301161203,1.120176397704001
111565034,650000.0,015,01,False,False,False,False,False,False,False,99.0,2,2,445972.44,1.558745921449614,695157.7180320679,0.0025264030793100585,1756.2485994423696,False,False,False,False,False,Centro,18.93916135071505,0.9350396077599404
111565145,995000.0,082,08,False,False,False,False,False,False,False,171.0,3,2,557565.5,1.7429699856269538,971819.9315210853,0.002544812508122545,2473.0995173776532,False,False,False,False,False,Fuencarral-El Pardo,14.689461217858332,1.0238522258363578
111565010,295000.0,061,06,False,False,False,False,False,False,False,58.0,1,1,190319.11,1.7497591043844554,333012.5943672472,0.002978418922071256,991.8510123514488,False,False,False,False,False,Tetuán,17.333396740317067,0.8858523821314493
111564571,650000.0,045,04,False,False,False,False,False,False,False,60.0,1,1,398600.28,1.8766123722225168,748018.2193651248,0.0019512838033895418,1459.5958360874533,False,False,False,False,False,Salamanca,19.77461679945292,0.8689627915101893
111565185,299000.0,191,19,False,False,False,False,False,False,False,91.0,3,1,149988.89,2.2581962284331665,338704.34711624973,0.00280125738018172,948.7980520590256,False,False,False,False,False,Vicálvaro,11.870342778520444,0.8827757970799753
111565170,270000.0,107,10,False,False,False,False,False,False,False,86.0,2,1,,1.7849419266048585,,0.0033382982791760833,,False,False,False,True,True,Latina,12.533999733511337,
111519519,695000.0,062,06,False,False,False,False,False,False,False,81.0,3,1,463042.38,1.7497591043844554,810212.6113720512,0.002978418922071256,2413.1525726112823,False,False,False,False,False,Tetuán,17.333396740317067,0.857799533412662
111564509,715000.0,011,01,False,False,False,False,False,False,False,81.0,2,2,487424.22,1.558745921449614,759770.512992327,0.0025264030793100585,1919.4865635927977,False,False,False,False,False,Centro,18.93916135071505,0.9410736370696988
111564891,249000.0,114,11,False,False,False,False,False,False,False,78.0,3,1,127769.336,1.7981544007307437,229748.9936944604,0.0035925100380566725,825.3755660807682,False,False,False,False,False,Carabanchel,12.78708937513325,1.0837914717099533
111564988,200000.0,112,11,False,False,False,False,False,False,False,74.0,2,1,,1.7981544007307437,,0.0035925100380566725,,False,False,False,True,True,Carabanchel,12.78708937513325,
111564872,5600000.0,046,04,False,False,False,False,False,False,True,420.0,4,5,,1.8766123722225168,,0.0019512838033895418,,False,True,False,False,True,Salamanca,19.77461679945292,
102266263,230000.0,012,01,False,False,False,False,False,False,False,30.0,2,1,151821.62,1.558745921449614,236651.33875660275,0.0025264030793100585,597.876670957529,False,False,False,False,False,Centro,18.93916135071505,0.9718939314201653
111564511,369000.0,065,06,False,False,False,False,False,False,False,70.0,2,1,211091.42,1.7497591043844554,369359.1372832412,0.002978418922071256,1100.1062435243205,False,False,False,False,False,Tetuán,17.333396740317067,0.9990276745665945
111564246,380000.0,182,18,False,False,False,False,False,False,False,102.0,3,2,206076.48,1.6182350367229232,333480.18726030906,0.003663662094203605,1221.7587212335143,False,False,False,False,False,Villa de Vallecas,12.693274684369012,1.1394979807402421
111563838,830000.0,015,01,False,False,False,False,False,False,False,103.0,2,2,499297.28,1.558745921449614,778277.6007393183,0.0025264030793100585,1966.242927065858,False,False,False,False,False,Centro,18.93916135071505,1.0664575200565305
111564255,1775000.0,015,01,False,False,False,False,False,False,False,313.0,7,4,1.5841614e+06,1.558745921449614,2469305.0821992625,0.0025264030793100585,6238.459963424194,False,False,False,False,False,Centro,18.93916135071505,0.7188257185374249
111564175,232000.0,145,14,False,False,False,False,False,False,False,82.0,2,1,,1.8348473926211004,,0.002978326446711814,,False,False,False,True,True,Moratalaz,12.68696586656589,
111549742,300000.0,206,20,False,False,False,False,False,False,False,93.0,3,1,189805.23,1.6143479514531922,306411.69128837425,0.0037236887617743825,1140.9817713268005,False,False,False,False,False,San Blas-Canillejas,13.614999673585043,0.9790749130315005
93882888,1895000.0,083,08,False,False,True,True,False,False,False,565.0,7,5,,1.7429699856269538,,0.002544812508122545,,True,True,False,False,True,Fuencarral-El Pardo,14.689461217858332,
111563852,369000.0,012,01,False,False,False,False,False,False,False,65.0,2,2,260270.66,1.558745921449614,405695.82390270196,0.0025264030793100585,1024.9511787710176,False,False,False,False,False,Centro,18.93916135071505,0.9095484307684105
111563010,675000.0,097,09,True,False,False,False,False,False,False,107.0,2,2,390652.5,1.656751140660718,647213.9749769612,0.002672415723312596,1729.624803076076,False,False,False,False,False,Moncloa-Aravaca,16.62527833062531,1.0429317445193114
111563835,235000.0,183,18,False,False,False,False,False,False,False,75.0,1,1,,1.6182350367229232,,0.003663662094203605,,False,False,False,True,True,Villa de Vallecas,12.693274684369012,
111563669,1365000.0,044,04,False,False,False,False,False,False,False,156.0,3,4,722910.56,1.8766123722225168,1356622.905597839,0.0019512838033895418,2647.1563030003226,False,False,False,False,False,Salamanca,19.77461679945292,1.0061749616401099
111563697,1350000.0,155,15,False,False,False,False,False,False,False,140.0,4,3,678232.7,1.7410339116420641,1180826.1089216347,0.002871857299515261,3391.1640803647992,False,False,False,False,False,Ciudad Lineal,14.266652704537027,1.1432674038964634
111563659,1045000.0,215,21,False,False,True,True,False,False,False,254.0,5,4,,1.4759360281054366,,0.0028887854787011218,,True,False,True,False,True,Barajas,13.967886474398604,
111563621,700000.0,013,01,False,False,False,False,False,False,False,114.0,3,3,402327.0,1.558745921449614,627125.5703390589,0.0025264030793100585,1584.371972018675,False,False,False,False,False,Centro,18.93916135071505,1.1162038881966512
111563577,1415000.0,166,16,False,False,False,False,False,False,False,170.0,4,3,638167.75,1.6317102565250337,1041304.8630585036,0.0027028857740617703,2814.528100822169,False,False,False,False,False,Hortaleza,14.589315759435864,1.3588719789936303
111563379,620000.0,075,07,False,False,False,False,False,False,False,87.0,3,1,366481.84,1.6853880807988142,617664.1312854234,0.002278740199336892,1407.496085648594,False,False,False,False,False,Chamberí,19.980022301161203,1.0037817781481262
111563233,750000.0,015,01,False,False,False,False,False,False,False,55.0,1,1,335438.78,1.558745921449614,522863.83216946677,0.0025264030793100585,1320.9647956527986,False,False,False,False,False,Centro,18.93916135071505,1.4344078780283955
111563218,550000.0,092,09,False,False,False,False,False,False,True,73.0,1,1,453959.06,1.656751140660718,752097.1946101452,0.002672415723312596,2009.9163683354454,False,False,False,False,False,Moncloa-Aravaca,16.62527833062531,0.7312884610413902
111563186,430000.0,012,01,False,False,False,False,False,False,False,80.0,1,1,329006.03,1.558745921449614,512836.80934326176,0.0025264030793100585,1295.6324943083619,False,False,False,False,False,Centro,18.93916135071505,0.838473354809803
111271704,1100000.0,015,01,False,False,False,False,False,False,False,159.0,4,4,695564.5,1.558745921449614,1084208.3274801401,0.0025264030793100585,2739.1472571594345,False,False,False,False,False,Centro,18.93916135071505,1.0145651643873295
111271703,470000.0,065,06,False,False,False,False,False,False,False,85.0,2,2,285980.34,1.7497591043844554,500396.7101515587,0.002978418922071256,1490.3910300576083,False,False,False,False,False,Tetuán,17.333396740317067,0.9392547761907702
111271664,3195000.0,087,08,False,False,True,True,False,False,False,538.0,6,6,,1.7429699856269538,,0.002544812508122545,,True,True,False,False,True,Fuencarral-El Pardo,14.689461217858332,
111270295,170000.0,102,10,False,False,False,False,False,False,False,51.0,0,0,,1.7849419266048585,,0.0033382982791760833,,False,False,False,True,True,Latina,12.533999733511337,
111249002,1660000.0,045,04,False,False,False,False,False,False,False,111.0,2,2,698017.9,1.8766123722225168,1309908.9802574702,0.0019512838033895418,2556.0041770909124,False,False,False,False,False,Salamanca,19.77461679945292,1.267263622907385
111270203,300000.0,116,11,False,False,False,False,False,False,False,100.0,3,2,198024.42,1.7981544007307437,356078.4856466926,0.0035925100380566725,1279.215534021762,False,False,False,False,False,Carabanchel,12.78708937513325,0.8425108847987668
111269341,250000.0,133,13,False,False,False,False,False,False,False,66.0,3,1,100882.7,1.9202233418203836,193717.32132656116,0.0039677952095912425,768.6306595743768,False,False,False,False,False,Puente de Vallecas,12.472694485501155,1.2905402484817539
111264059,1200000.0,159,15,False,False,False,False,False,False,False,188.0,3,2,715456.0,1.7410339116420641,1245633.1582877846,0.002871857299515261,3577.2806781470226,False,False,False,False,False,Ciudad Lineal,14.266652704537027,0.9633654916905787
111268562,1490000.0,072,07,False,False,False,False,False,False,False,160.0,3,4,1.0371138e+06,1.6853880807988142,1747939.2580193162,0.002278740199336892,3983.0994532477157,False,False,False,False,False,Chamberí,19.980022301161203,0.8524323675231135
111268636,359999.0,206,20,False,False,True,False,False,False,False,93.0,3,1,170918.03,1.6143479514531922,275921.1736148502,0.0037236887617743825,1027.444573325216,False,False,False,False,False,San Blas-Canillejas,13.614999673585043,1.3047168337378539
111157029,299980.0,073,07,False,False,False,False,False,False,False,140.0,4,1,,1.6853880807988142,,0.002278740199336892,,False,False,False,True,True,Chamberí,19.980022301161203,
111068338,399880.0,085,08,False,False,False,False,False,False,True,160.0,4,2,,1.7429699856269538,,0.002544812508122545,,False,False,False,True,True,Fuencarral-El Pardo,14.689461217858332,
111268056,399000.0,072,07,False,False,False,False,False,False,False,55.0,1,1,218594.97,1.6853880807988142,368417.35485383926,0.002278740199336892,839.5274366388082,False,False,False,False,False,Chamberí,19.980022301161203,1.083010869990893
111267826,147000.0,132,13,False,False,False,False,False,False,False,44.0,2,1,105033.76,1.9202233418203836,201688.27343067157,0.0039677952095912425,800.2577651489473,False,False,False,False,False,Puente de Vallecas,12.472694485501155,0.7288475303970999
111267986,780000.0,044,04,False,False,False,False,False,False,False,104.0,2,2,471994.97,1.8766123722225168,885751.5979830301,0.0019512838033895418,1728.3527469706914,False,False,False,False,False,Salamanca,19.77461679945292,0.8806080641301239
111252675,310000.0,207,20,False,False,False,False,False,False,False,71.0,3,1,126819.89,1.6143479514531922,204731.43063398666,0.0037236887617743825,762.3561274337677,False,False,False,False,False,San Blas-Canillejas,13.614999673585043,1.514178839272655
111267492,219900.0,175,17,False,False,False,False,False,False,False,75.0,2,1,128521.42,1.8762264489989775,241135.29098483076,0.003970041979091452,957.3172278502107,False,False,False,False,False,Villaverde,11.18548597247867,0.9119361960743995
111267262,115000.0,172,17,False,False,False,False,False,False,False,62.0,4,1,,1.8762264489989775,,0.003970041979091452,,False,False,False,True,True,Villaverde,11.18548597247867,
111266150,995000.0,156,15,False,False,False,False,False,False,False,131.0,3,2,557861.75,1.7410339116420641,971256.2247579873,0.002871857299515261,2789.3092787708606,False,False,False,False,False,Ciudad Lineal,14.266652704537027,1.0244464587580162
111265876,315000.0,193,19,False,False,False,False,False,False,False,79.0,2,1,207128.8,2.2581962284331665,467737.46790302446,0.00280125738018172,1310.2530339508576,False,False,False,False,False,Vicálvaro,11.870342778520444,0.673454708283726
111266260,230000.0,203,20,False,False,False,False,False,False,False,54.0,2,1,85744.13,1.6143479514531922,138420.86515498982,0.0037236887617743825,515.4362199727228,False,False,False,False,False,San Blas-Canillejas,13.614999673585043,1.661599208634255
111265262,2340000.0,042,04,False,False,False,False,False,False,False,132.0,3,3,936274.56,1.8766123722225168,1757024.427784724,0.0019512838033895418,3428.4533080961096,False,False,False,False,False,Salamanca,19.77461679945292,1.3317970786270161
111265246,1135000.0,074,07,False,False,False,False,False,False,False,101.0,1,2,671988.2,1.6853880807988142,1132560.8816500986,0.002278740199336892,2580.812009212512,False,False,False,False,False,Chamberí,19.980022301161203,1.002153631111069
110901040,890000.0,012,01,False,False,True,False,False,False,False,171.0,4,2,637997.3,1.558745921449614,994475.7087551898,0.0025264030793100585,2512.4464928981643,False,False,False,False,False,Centro,18.93916135071505,0.8949439309221895
111264771,240000.0,201,20,False,False,False,False,False,False,False,50.0,2,1,117150.055,1.6143479514531922,189120.95079739505,0.0037236887617743825,704.2275591003458,False,False,False,False,False,San Blas-Canillejas,13.614999673585043,1.269029152973705
111264757,179900.0,152,15,False,False,False,False,False,False,False,46.0,2,1,131025.3,1.7410339116420641,228119.48514234397,0.002871857299515261,655.1266085677037,False,False,False,False,False,Ciudad Lineal,14.266652704537027,0.7886218044361465
111264510,2899000.0,042,04,False,False,False,False,False,False,False,217.0,4,5,1.1889728e+06,1.8766123722225168,2231240.9728854294,0.0019512838033895418,4353.784371850462,False,False,False,False,False,Salamanca,19.77461679945292,1.2992769652535683
111264491,750000.0,011,01,False,False,False,False,False,False,False,111.0,2,2,606391.75,1.558745921449614,945210.667113194,0.0025264030793100585,2387.983139991488,False,False,False,False,False,Centro,18.93916135071505,0.7934739059712532
111237517,495000.0,071,07,False,False,False,False,False,False,False,62.0,2,1,316655.56,1.6853880807988142,533687.510756144,0.002278740199336892,1216.1351846440652,False,False,False,False,False,Chamberí,19.980022301161203,0.9275090573108402
111262948,1100000.0,012,01,False,False,False,False,False,False,False,159.0,5,3,738355.0,1.558745921449614,1150907.8448319298,0.0025264030793100585,2907.6571231854905,False,False,False,False,False,Centro,18.93916135071505,0.9557672275321366
111252618,385000.0,183,18,False,False,False,False,False,False,False,112.0,3,2,319756.03,1.6182350367229232,517440.4129722199,0.003663662094203605,1895.7268270153813,False,False,False,False,False,Villa de Vallecas,12.693274684369012,0.7440470252188626
111263921,255000.0,124,12,False,False,False,False,False,False,False,80.0,2,1,169064.1,2.1163779954207427,357803.5278282495,0.0033276079654937316,1190.629869283041,False,False,False,False,False,Usera,12.133975348497685,0.7126816259967214
111263462,480000.0,044,04,False,False,False,False,False,False,False,85.0,2,2,,1.8766123722225168,,0.0019512838033895418,,False,False,True,False,True,Salamanca,19.77461679945292,
111252762,695000.0,166,16,False,False,False,False,False,False,False,154.0,4,2,608233.56,1.6317102565250337,992460.9422940101,0.0027028857740617703,2682.5085622384195,False,False,False,False,False,Hortaleza,14.589315759435864,0.7002794471624766
111262996,799000.0,044,04,False,False,False,False,False,False,False,63.0,2,2,364929.88,1.8766123722225168,684831.9184186165,0.0019512838033895418,1336.3014304544345,False,False,False,False,False,Salamanca,19.77461679945292,1.1667096385416955
111261700,445000.0,152,15,False,False,False,False,False,False,False,89.0,3,2,217283.48,1.7410339116420641,378297.9147366236,0.002871857299515261,1086.4176278277741,False,False,False,False,False,Ciudad Lineal,14.266652704537027,1.176321577954812
111031103,630000.0,211,21,False,False,False,False,False,False,False,120.0,4,2,375345.6,1.4759360281054366,553986.0848062518,0.0028887854787011218,1600.3469571907883,False,False,False,False,False,Barajas,13.967886474398604,1.1372126796656505
106549678,850000.0,014,01,False,False,False,False,False,False,False,75.0,2,2,711952.75,1.558745921449614,1109753.4453273367,0.0025264030793100585,2803.68452154993,False,False,False,False,False,Centro,18.93916135071505,0.7659358964632735
111261741,190000.0,132,13,False,False,False,False,False,False,False,64.0,2,1,,1.9202233418203836,,0.0039677952095912425,,False,False,False,True,True,Puente de Vallecas,12.472694485501155,
106877532,850000.0,014,01,False,False,False,False,False,False,False,75.0,2,2,681388.7,1.558745921449614,1062111.8375625305,0.0025264030793100585,2683.322616989642,False,False,False,False,False,Centro,18.93916135071505,0.8002923702937802
111260071,875000.0,075,07,False,False,False,False,False,False,False,102.0,2,2,562405.56,1.6853880807988142,947871.6316124526,0.002278740199336892,2159.9531907663454,False,False,False,False,False,Chamberí,19.980022301161203,0.9231207800907719
111256359,2250000.0,042,04,False,False,False,False,False,False,False,161.0,3,3,949561.3,1.8766123722225168,1781958.5072213516,0.0019512838033895418,3477.1067734532294,False,False,False,False,False,Salamanca,19.77461679945292,1.2626556627900816
111217887,740000.0,041,04,False,False,False,False,False,False,True,54.0,1,1,429262.72,1.8766123722225168,805559.7289401245,0.0019512838033895418,1571.8756517437346,False,False,False,False,False,Salamanca,19.77461679945292,0.9186159305326974
110171522,169000.0,145,14,False,False,False,False,False,False,False,33.0,1,1,,1.8348473926211004,,0.002978326446711814,,False,False,False,True,True,Moratalaz,12.68696586656589,
111260153,360000.0,094,09,False,False,False,False,False,False,False,59.0,2,1,156774.27,1.656751140660718,259735.94340046516,0.002672415723312596,694.1224190528336,False,False,False,False,False,Moncloa-Aravaca,16.62527833062531,1.386023032803535
111261240,1390000.0,034,03,False,False,False,False,False,False,False,124.0,3,4,728234.56,1.7929648066474984,1305698.941546838,0.0021651669060346315,2827.0561374816602,False,False,False,False,False,Retiro,17.253540940727106,1.064563932596355
111260771,205000.0,203,20,False,False,False,False,False,False,False,54.0,2,1,91654.02,1.6143479514531922,147961.48497877098,0.0037236887617743825,550.9625187908986,False,False,False,False,False,San Blas-Canillejas,13.614999673585043,1.3854956918647627
111260610,610000.0,075,07,False,False,False,False,False,False,False,97.0,1,1,531485.56,1.6853880807988142,895759.4321541532,0.002278740199336892,2041.2030269848565,False,False,False,False,False,Chamberí,19.980022301161203,0.6809864100822817
111260533,395000.0,021,02,False,False,False,False,False,False,False,81.0,1,1,197436.84,1.7568265401631447,346862.2871060439,0.0026432108289031436,916.8301534168064,False,False,False,False,False,Arganzuela,17.153551573714722,1.1387804747975938
111260151,259680.0,171,17,False,False,False,False,False,False,False,84.0,3,1,118037.234,1.8762264489989775,221464.5811010663,0.003970041979091452,879.2236838531365,False,False,False,False,False,Villaverde,11.18548597247867,1.1725577006893664
111213422,1550000.0,051,05,False,False,False,False,False,False,False,182.0,4,3,,1.6700715368729793,,0.0023384882833218804,,False,False,True,False,True,Chamartín,18.388855162033455,
111210691,322000.0,166,16,False,False,False,False,False,False,False,88.0,3,1,242075.92,1.6317102565250337,394997.76458119025,0.0027028857740617703,1067.6338386726993,False,False,False,False,False,Hortaleza,14.589315759435864,0.8151944868382013
111213429,2180000.0,087,08,False,False,False,False,False,False,False,362.0,5,4,1.1398996e+06,1.7429699856269538,1986810.8330024201,0.002544812508122545,5056.061059097931,False,False,False,False,False,Fuencarral-El Pardo,14.689461217858332,1.0972358131879305
111213378,1580000.0,014,01,False,False,False,False,False,False,False,185.0,5,3,1.1783642e+06,1.558745921449614,1836770.4686695333,0.0025264030793100585,4640.422568032488,False,False,False,False,False,Centro,18.93916135071505,0.8602054676676475
111212557,720000.0,045,04,False,False,False,False,False,False,False,101.0,2,2,467134.47,1.8766123722225168,876630.3235478427,0.0019512838033895418,1710.554551899039,False,False,False,False,False,Salamanca,19.77461679945292,0.821326824614122
111199859,2250000.0,041,04,False,False,True,False,False,False,True,125.0,2,2,878546.6,1.8766123722225168,1648691.466049336,0.0019512838033895418,3217.064954488628,False,False,False,False,False,Salamanca,19.77461679945292,1.3647186549655315
111208884,950000.0,044,04,False,False,False,False,False,False,False,160.0,3,2,591767.06,1.8766123722225168,1110517.3909612754,0.0019512838033895418,2166.9345983651483,False,False,False,False,False,Salamanca,19.77461679945292,0.8554571119121962
111212402,4195000.0,035,03,False,False,False,False,False,False,False,220.0,3,3,1.5814158e+06,1.7929648066474984,2835422.7844280587,0.0021651669060346315,6139.1635774602,False,False,False,False,False,Retiro,17.253540940727106,1.4794971751791808
111212280,3485000.0,074,07,False,False,False,False,False,False,False,318.0,5,5,1.9230955e+06,1.6853880807988142,3241162.233937836,0.002278740199336892,7385.766675046711,False,False,False,False,False,Chamberí,19.980022301161203,1.0752315831367425
111212190,380000.0,134,13,False,False,False,False,False,True,False,86.0,2,2,191014.08,1.9202233418203836,366789.6914319273,0.0039677952095912425,1455.3463805910512,False,False,False,False,False,Puente de Vallecas,12.472694485501155,1.0360160301029735
111212187,379000.0,134,13,False,False,False,False,False,True,False,85.0,2,2,193762.33,1.9202233418203836,372066.9452310852,0.0039677952095912425,1476.2854429351469,False,False,False,False,False,Puente de Vallecas,12.472694485501155,1.018633890641935
111212109,1745000.0,074,07,False,False,False,False,False,False,False,149.0,3,2,1.0807938e+06,1.6853880807988142,1821556.9040518533,0.002278740199336892,4150.8549426426125,False,False,False,False,False,Chamberí,19.980022301161203,0.9579717197516252
111211628,1295000.0,011,01,False,False,False,False,False,False,False,120.0,2,2,542870.3,1.558745921449614,846196.8854854524,0.0025264030793100585,2137.834417193028,False,False,False,False,False,Centro,18.93916135071505,1.5303767033567786
32238552,495000.0,062,06,False,False,False,False,False,False,False,63.0,2,1,,1.7497591043844554,,0.002978418922071256,,False,False,False,True,True,Tetuán,17.333396740317067,
111210294,1195000.0,071,07,False,False,False,False,False,False,False,150.0,3,3,930854.25,1.6853880807988142,1568850.6579109195,0.002278740199336892,3575.003060937743,False,False,False,False,False,Chamberí,19.980022301161203,0.761704113756284
111211002,440000.0,206,20,False,False,False,False,False,False,False,95.0,2,2,,1.6143479514531922,,0.0037236887617743825,,False,False,True,False,True,San Blas-Canillejas,13.614999673585043,
111211009,1295000.0,082,08,False,False,False,False,False,False,False,200.0,4,3,672001.0,1.7429699856269538,1171277.5733112986,0.002544812508122545,2980.681819046014,False,False,False,False,False,Fuencarral-El Pardo,14.689461217858332,1.1056303215461796
111208017,349000.0,102,10,False,False,False,False,False,False,False,51.0,2,1,172590.06,1.7849419266048585,308063.2386716029,0.0033382982791760833,1028.406979534823,False,False,False,False,False,Latina,12.533999733511337,1.1328842789062408
111209776,250653.0,133,13,False,False,False,False,False,True,False,42.0,1,1,131594.56,1.9202233418203836,252690.95056914134,0.0039677952095912425,1002.6259431752965,False,False,False,False,False,Puente de Vallecas,12.472694485501155,0.9919350077058509
111209751,250723.0,133,13,False,False,False,False,False,True,False,43.0,1,1,134312.17,1.9202233418203836,257909.36752496622,0.0039677952095912425,1023.3315529742681,False,False,False,False,False,Puente de Vallecas,12.472694485501155,0.972136074025033
111209514,247071.0,133,13,False,False,False,False,False,True,False,43.0,1,1,136968.94,1.9202233418203836,263010.95089183724,0.0039677952095912425,1043.5735910186693,False,False,False,False,False,Puente de Vallecas,12.472694485501155,0.93939434522484
111209512,237415.0,133,13,False,False,False,False,False,True,False,43.0,1,1,141796.45,1.9202233418203836,272280.85907796485,0.0039677952095912425,1080.354688312937,False,False,False,False,False,Puente de Vallecas,12.472694485501155,0.8719489162916834
111209475,233821.0,133,13,False,False,False,False,False,True,False,42.0,1,1,137310.44,1.9202233418203836,263666.70716306893,0.0039677952095912425,1046.1754976103218,False,False,False,False,False,Puente de Vallecas,12.472694485501155,0.8868051735306484
111210620,399000.0,164,16,False,False,False,False,False,False,False,117.0,4,1,237329.9,1.6317102565250337,387253.6422082497,0.0027028857740617703,1046.7023604782848,False,False,False,False,False,Hortaleza,14.589315759435864,1.0303324656283892
111190096,1190000.0,085,08,False,False,False,False,False,False,False,200.0,5,3,623737.9,1.7429699856269538,1087156.3950237366,0.002544812508122545,2766.6091923418194,False,False,False,False,False,Fuencarral-El Pardo,14.689461217858332,1.0945987214415622
109699138,450000.0,015,01,False,False,False,False,False,False,False,65.0,1,1,292575.47,1.558745921449614,456050.8186302715,0.0025264030793100585,1152.1681925093908,False,False,False,False,False,Centro,18.93916135071505,0.9867321395268079
111210208,685000.0,043,04,False,False,False,False,False,False,False,89.0,2,1,,1.8766123722225168,,0.0019512838033895418,,False,False,False,True,True,Salamanca,19.77461679945292,
111209705,650000.0,041,04,False,False,False,False,False,False,True,60.0,1,1,,1.8766123722225168,,0.0019512838033895418,,False,False,False,True,True,Salamanca,19.77461679945292,
111210016,1537000.0,011,01,False,False,False,False,False,False,False,160.0,3,3,825589.9,1.558745921449614,1286884.8504463467,0.0025264030793100585,3251.1898488851143,False,False,False,False,False,Centro,18.93916135071505,1.1943570549197955
111209364,2420000.0,046,04,False,False,False,False,False,False,True,200.0,4,4,1.2091418e+06,1.8766123722225168,2269090.3678207854,0.0019512838033895418,4427.639283155916,False,False,False,False,False,Salamanca,19.77461679945292,1.0665066646614638
111209295,1250000.0,034,03,False,False,False,False,False,True,False,103.0,2,2,680567.2,1.7929648066474984,1220233.0157465693,0.0021651669060346315,2642.008143345307,False,False,False,False,False,Retiro,17.253540940727106,1.0243945081548367
103174776,1290000.0,074,07,False,False,False,False,False,False,False,101.0,2,2,743189.94,1.6853880807988142,1252563.4624321156,0.002278740199336892,2854.2667140646668,False,False,False,False,False,Chamberí,19.980022301161203,1.0298879367718372
111199793,185000.0,023,02,False,False,False,False,False,False,False,32.0,1,1,,1.7568265401631447,,0.0026432108289031436,,False,False,True,False,True,Arganzuela,17.153551573714722,
111192743,990000.0,207,20,False,False,False,False,False,False,False,247.0,4,3,,1.6143479514531922,,0.0037236887617743825,,False,False,True,False,True,San Blas-Canillejas,13.614999673585043,
111208558,615000.0,207,20,False,False,False,False,False,False,False,120.0,4,2,321978.53,1.6143479514531922,519785.38233534514,0.0037236887617743825,1935.5189867367253,False,False,False,False,False,San Blas-Canillejas,13.614999673585043,1.183180637433213
111205734,172000.0,107,10,False,False,False,False,False,False,False,45.0,2,1,,1.7849419266048585,,0.0033382982791760833,,False,False,False,True,True,Latina,12.533999733511337,
111194919,1340000.0,015,01,False,False,False,False,False,False,False,94.0,3,3,434369.16,1.558745921449614,677071.1507081976,0.0025264030793100585,1710.5546400611952,False,False,False,False,False,Centro,18.93916135071505,1.9791125328533008
111205729,269900.0,174,17,False,False,False,False,False,False,False,84.0,3,1,128247.65,1.8762264489989775,240621.63002035988,0.003970041979091452,955.2779722582407,False,False,False,False,False,Villaverde,11.18548597247867,1.1216780468869851
111206731,1950000.0,074,07,False,False,False,False,False,False,False,177.0,2,1,656714.0,1.6853880807988142,1106817.9480937126,0.002278740199336892,2522.1505516687166,False,False,False,False,False,Chamberí,19.980022301161203,1.7618073535566632
111207725,245000.0,207,20,False,False,False,False,False,False,False,65.0,3,1,,1.6143479514531922,,0.0037236887617743825,,False,False,True,False,True,San Blas-Canillejas,13.614999673585043,
111198510,1250000.0,208,20,False,False,True,True,False,False,False,332.0,4,4,,1.6143479514531922,,0.0037236887617743825,,True,False,False,False,True,San Blas-Canillejas,13.614999673585043,
111180631,2420000.0,046,04,False,False,False,False,False,False,True,192.0,4,4,1.1790015e+06,1.8766123722225168,2212528.8017689055,0.0019512838033895418,4317.271615424535,False,False,False,False,False,Salamanca,19.77461679945292,1.0937710722975549
111206947,896500.0,076,07,False,False,False,False,False,False,False,197.0,4,3,,1.6853880807988142,,0.002278740199336892,,False,False,False,True,True,Chamberí,19.980022301161203,
111206522,749000.0,142,14,False,False,False,False,False,False,False,140.0,2,2,404625.62,1.8348473926211004,742426.2730189331,0.002978326446711814,2211.187803665974,False,False,False,False,False,Moratalaz,12.68696586656589,1.0088543835529096
111206308,539000.0,214,21,False,False,False,False,False,False,False,79.0,2,1,303551.6,1.4759360281054366,448022.73360445007,0.0028887854787011218,1294.2415669645166,False,False,False,False,False,Barajas,13.967886474398604,1.2030639509375252
111206324,795000.0,064,06,False,False,False,False,False,False,False,132.0,4,3,,1.7497591043844554,,0.002978418922071256,,False,False,True,False,True,Tetuán,17.333396740317067,
111206237,516000.0,214,21,False,False,False,False,False,False,False,100.0,1,1,310327.22,1.4759360281054366,458023.12265488197,0.0028887854787011218,1323.130545634766,False,False,False,False,False,Barajas,13.967886474398604,1.1265806778685348
111206263,365000.0,122,12,False,False,False,False,False,False,False,91.0,2,2,158437.67,2.1163779954207427,335314.00240194186,0.0033276079654937316,1115.793545334286,False,False,False,False,False,Usera,12.133975348497685,1.0885319353961052
111183632,679000.0,026,02,False,False,False,False,False,False,False,136.0,3,2,471077.6,1.7568265401631447,827601.6191761919,0.0026432108289031436,2187.525561824286,False,False,False,False,False,Arganzuela,17.153551573714722,0.8204430540818513
111196743,975000.0,041,04,False,False,False,False,False,False,True,72.0,2,1,507467.8,1.8766123722225168,952320.3754421964,0.0019512838033895418,1858.2473242382055,False,False,False,False,False,Salamanca,19.77461679945292,1.0238151205651487
110996170,285000.0,191,19,False,False,False,False,False,True,False,62.0,1,1,191576.17,2.2581962284331665,432616.58878578903,0.00280125738018172,1211.870412125232,False,False,False,False,False,Vicálvaro,11.870342778520444,0.6587819500863346
110996152,275000.0,191,19,False,False,False,False,False,True,False,59.0,1,1,169061.34,2.2581962284331665,381773.6888300931,0.00280125738018172,1069.4463633944977,False,False,False,False,False,Vicálvaro,11.870342778520444,0.7203220338277102
110996151,530000.0,191,19,False,False,False,False,False,True,False,126.0,3,2,296524.66,2.2581962284331665,669610.8603811911,0.00280125738018172,1875.752364492643,False,False,False,False,False,Vicálvaro,11.870342778520444,0.7915044862000677
110996146,490000.0,191,19,False,False,False,False,False,True,False,112.0,3,2,281743.5,2.2581962284331665,636232.1090855598,0.00280125738018172,1782.2498910845056,False,False,False,False,False,Vicálvaro,11.870342778520444,0.7701591809068934
110996135,525000.0,191,19,False,False,False,False,False,True,False,128.0,3,2,303671.72,2.2581962284331665,685750.3299630673,0.00280125738018172,1920.963172771092,False,False,False,False,False,Vicálvaro,11.870342778520444,0.7655847573974556
110996099,525000.0,191,19,False,False,False,False,False,True,False,126.0,3,2,278747.0,2.2581962284331665,629465.4240870598,0.00280125738018172,1763.2946647930926,False,False,False,False,False,Vicálvaro,11.870342778520444,0.8340410448459971
110996064,490000.0,191,19,False,False,False,False,False,True,False,116.0,3,2,276784.9,2.2581962284331665,625034.6313809776,0.00280125738018172,1750.8828740251242,False,False,False,False,False,Vicálvaro,11.870342778520444,0.7839565608026767
110996098,275000.0,191,19,False,False,False,False,False,True,False,62.0,1,1,184533.11,2.2581962284331665,416711.97161167,0.00280125738018172,1167.317485887266,False,False,False,False,False,Vicálvaro,11.870342778520444,0.659928244769195
110996081,520000.0,191,19,False,False,False,False,False,True,False,128.0,3,2,287904.1,2.2581962284331665,650143.9386567188,0.00280125738018172,1821.2205063425451,False,False,False,False,False,Vicálvaro,11.870342778520444,0.7998228839514939
110995983,510000.0,191,19,False,False,False,False,False,True,False,122.0,3,2,273188.5,2.2581962284331665,616913.2403513141,0.00280125738018172,1728.1327674659378,False,False,False,False,False,Vicálvaro,11.870342778520444,0.8266964730884523
110976197,510000.0,015,01,False,False,False,False,False,False,False,81.0,2,1,327739.0,1.558745921449614,510861.82954997505,0.0025264030793100585,1290.6428992770273,False,False,False,False,False,Centro,18.93916135071505,0.9983129889529342
110995829,1600000.0,072,07,False,False,False,False,False,False,False,180.0,3,4,1.0576679e+06,1.6853880807988142,1782580.82996881,0.002278740199336892,4062.0385958172487,False,False,False,False,False,Chamberí,19.980022301161203,0.8975750064741779
110996461,330000.0,052,05,False,False,False,False,False,False,False,94.0,3,2,,1.6700715368729793,,0.0023384882833218804,,False,False,False,True,True,Chamartín,18.388855162033455,
110996247,520000.0,025,02,False,False,False,False,False,False,False,97.0,3,1,313464.97,1.7568265401631447,550703.5765114108,0.0026432108289031436,1455.6256569506518,False,False,False,False,False,Arganzuela,17.153551573714722,0.9442466368097492
110993862,185000.0,012,01,False,False,False,False,False,False,False,40.0,1,1,149436.9,1.558745921449614,232934.16813123584,0.0025264030793100585,588.4855996432811,False,False,False,False,False,Centro,18.93916135071505,0.7942158142113802
110995280,450000.0,044,04,False,False,False,False,False,False,False,76.0,3,1,,1.8766123722225168,,0.0019512838033895418,,False,False,True,False,True,Salamanca,19.77461679945292,
110994076,458000.0,204,20,False,False,False,False,False,False,False,105.0,4,2,195222.81,1.6143479514531922,315157.5474363057,0.0037236887617743825,1173.5486175769483,False,False,False,False,False,San Blas-Canillejas,13.614999673585043,1.4532414144153194
110995485,2250000.0,075,07,False,False,False,False,False,False,False,238.0,3,2,1.104244e+06,1.6853880807988142,1861079.6758936057,0.002278740199336892,4240.917071627633,False,False,False,False,False,Chamberí,19.980022301161203,1.2089756441618507
110994967,1099000.0,102,10,False,False,False,False,False,False,False,148.0,3,2,483090.78,1.7849419266048585,862288.9898094212,0.0033382982791760833,2878.577850833274,False,False,False,False,False,Latina,12.533999733511337,1.2745147079320767
110994165,749000.0,033,03,False,False,False,False,False,False,False,154.0,4,2,,1.7929648066474984,,0.0021651669060346315,,False,False,True,False,True,Retiro,17.253540940727106,
110994505,1560000.0,034,03,False,False,False,False,False,False,False,150.0,3,3,789513.1,1.7929648066474984,1415569.2475112872,0.0021651669060346315,3064.943687911785,False,False,False,False,False,Retiro,17.253540940727106,1.1020301569440256
110994117,392700.0,084,08,False,False,False,False,False,False,False,96.0,4,2,232011.31,1.7429699856269538,404388.7540134157,0.002544812508122545,1029.0935593574313,False,False,False,False,False,Fuencarral-El Pardo,14.689461217858332,0.971095254510891
110991210,570000.0,145,14,False,False,False,False,False,False,False,139.0,4,2,292615.9,1.8348473926211004,536905.5326222728,0.002978326446711814,1599.0799471948078,False,False,False,False,False,Moratalaz,12.68696586656589,1.0616392742613252
110993885,2980000.0,016,01,False,False,False,False,False,False,False,438.0,4,4,,1.558745921449614,,0.0025264030793100585,,False,True,False,False,True,Centro,18.93916135071505,
110965670,249000.0,134,13,False,False,False,False,False,False,False,63.0,3,1,109100.72,1.9202233418203836,209497.74675313078,0.0039677952095912425,831.2441559872316,False,False,False,False,False,Puente de Vallecas,12.472694485501155,1.188556936096397
110992277,660000.0,085,08,False,False,False,False,False,False,False,112.0,3,2,389187.03,1.7429699856269538,678341.3142640094,0.002544812508122545,1726.251461315337,False,False,False,False,False,Fuencarral-El Pardo,14.689461217858332,0.9729615255943692
110992093,1100000.0,041,04,False,False,False,False,False,False,True,59.0,1,1,,1.8766123722225168,,0.0019512838033895418,,False,False,True,False,True,Salamanca,19.77461679945292,
110991850,3300000.0,045,04,False,False,False,False,False,False,False,302.0,4,4,1.4138576e+06,1.8766123722225168,2653262.7116361437,0.0019512838033895418,5177.268555353024,False,False,False,False,False,Salamanca,19.77461679945292,1.2437516969305475
110991578,900000.0,074,07,False,False,False,False,False,False,False,125.0,4,2,610886.1,1.6853880807988142,1029580.1938003745,0.002278740199336892,2346.1457760539815,False,False,False,False,False,Chamberí,19.980022301161203,0.8741426898257729
110991566,98500.0,115,11,False,False,False,False,False,False,False,65.0,3,1,,1.7981544007307437,,0.0035925100380566725,,False,False,False,True,True,Carabanchel,12.78708937513325,
110990723,698000.0,073,07,False,False,False,False,False,False,False,82.0,2,2,538082.94,1.6853880807988142,906878.5693437133,0.002278740199336892,2066.540651880649,False,False,False,False,False,Chamberí,19.980022301161203,0.7696730561238493
110938376,3250000.0,051,05,False,False,False,False,False,False,False,397.0,6,4,,1.6700715368729793,,0.0023384882833218804,,False,True,True,False,True,Chamartín,18.388855162033455,
110975067,576900.0,034,03,False,False,False,False,False,False,False,73.0,2,1,292110.4,1.7929648066474984,523743.67806175345,0.0021651669060346315,1133.9924789841648,False,False,False,False,False,Retiro,17.253540940727106,1.1014930092043593
110974202,450000.0,065,06,False,False,False,False,False,True,False,75.0,1,1,257190.1,1.7497591043844554,450020.7080965541,0.002978418922071256,1340.350192318682,False,False,False,False,False,Tetuán,17.333396740317067,0.9999539841252157
110974110,422000.0,065,06,False,False,False,False,False,True,False,77.0,1,1,236087.88,1.7497591043844554,413096.90871602925,0.002978418922071256,1230.375649568964,False,False,False,False,False,Tetuán,17.333396740317067,1.021552064651471
110903842,1900000.0,097,09,False,False,True,True,False,False,False,319.0,4,5,,1.656751140660718,,0.002672415723312596,,True,False,False,False,True,Moncloa-Aravaca,16.62527833062531,
110988615,565000.0,044,04,False,False,False,False,False,False,False,60.0,1,1,295226.94,1.8766123722225168,554026.5235258637,0.0019512838033895418,1081.0629820042327,False,False,False,False,False,Salamanca,19.77461679945292,1.019806770990494
110985492,820000.0,072,07,False,False,False,False,False,False,False,110.0,4,2,549263.25,1.6853880807988142,925721.7347708193,0.002278740199336892,2109.4793304221503,False,False,False,False,False,Chamberí,19.980022301161203,0.8857953412998423
110983811,292900.0,061,06,False,False,False,False,False,False,False,59.0,2,1,183372.83,1.7497591043844554,320858.27550844464,0.002978418922071256,955.6503590775038,False,False,False,False,False,Tetuán,17.333396740317067,0.9128640971963685
110982014,1200000.0,026,02,False,False,False,False,False,False,False,201.0,4,3,975453.4,1.7568265401631447,1713702.3778917126,0.0026432108289031436,4529.6766827604415,False,False,False,False,False,Arganzuela,17.153551573714722,0.7002382767749342
110981600,380000.0,066,06,False,False,False,False,False,False,False,74.0,3,1,243236.2,1.7497591043844554,425604.76093387546,0.002978418922071256,1267.6292732890681,False,False,False,False,False,Tetuán,17.333396740317067,0.8928471551074568
110981068,795000.0,053,05,False,False,False,False,False,False,False,115.0,2,2,458806.25,1.6700715368729793,766239.2590644284,0.0023384882833218804,1791.8415295434047,False,False,False,False,False,Chamartín,18.388855162033455,1.0375349351985543
110980998,5100000.0,041,04,False,False,False,False,False,False,True,300.0,4,5,2.4055138e+06,1.8766123722225168,4514216.864801382,0.0019512838033895418,8808.518253274853,False,False,False,False,False,Salamanca,19.77461679945292,1.1297640660035928
110976605,345000.0,201,20,False,False,False,False,False,False,False,86.0,0,2,216614.38,1.6143479514531922,349690.9725365636,0.0037236887617743825,1302.140344528356,False,False,False,False,False,San Blas-Canillejas,13.614999673585043,0.986585377075832
110980646,425000.0,022,02,False,False,False,False,False,False,False,82.0,3,1,266280.47,1.7568265401631447,467808.5946270829,0.0026432108289031436,1236.5167431722664,False,False,False,False,False,Arganzuela,17.153551573714722,0.9084912181632574
110979358,135000.0,135,13,False,False,False,False,False,False,False,53.0,2,1,,1.9202233418203836,,0.0039677952095912425,,False,False,False,True,True,Puente de Vallecas,12.472694485501155,
110978761,943500.0,155,15,False,False,False,False,False,False,False,125.0,3,2,520394.62,1.7410339116420641,906024.689561255,0.002871857299515261,2601.9736182575384,False,False,False,False,False,Ciudad Lineal,14.266652704537027,1.0413623501329665
110978562,1120000.0,042,04,False,False,False,False,False,False,False,102.0,2,2,551109.6,1.8766123722225168,1034219.1407259116,0.0019512838033895418,2018.0550584539205,False,False,False,False,False,Salamanca,19.77461679945292,1.0829426336219994
110976697,2195000.0,042,04,False,False,False,False,False,False,False,186.0,4,4,1.0349934e+06,1.8766123722225168,1942281.372693339,0.0019512838033895418,3789.9421841617186,False,False,False,False,False,Salamanca,19.77461679945292,1.1301143237327242
110977663,1995000.0,042,04,False,False,False,False,False,False,False,175.0,2,2,1.0859265e+06,1.8766123722225168,2037863.1052242948,0.0019512838033895418,3976.449270749284,False,False,False,False,False,Salamanca,19.77461679945292,0.978966641520517
